rat_id,study_day,condition,treatment,trial_num,epoch_id,duration
5,8,HC,0,3,0,154.0
5,8,HC,0,3,1,47.0
5,8,HC,0,2,0,85.0
5,8,HC,0,2,1,56.0
5,8,HC,0,2,2,84.0
5,8,HC,0,2,3,173.0
5,8,HC,0,4,0,54.0
5,8,HC,0,4,1,68.0
5,8,HC,0,4,2,39.0
5,8,HC,0,4,3,114.0
5,8,HC,0,4,4,41.0
5,8,HC,0,5,0,112.0
5,8,HC,0,5,1,38.0
5,8,HC,0,5,2,47.0
5,8,HC,0,5,3,151.0
5,8,HC,0,5,4,133.0
5,8,HC,0,5,5,73.0
5,8,HC,0,5,6,26.0
5,8,HC,0,5,7,65.0
5,8,HC,0,5,8,43.0
5,8,HC,0,5,9,1.0
5,8,HC,0,5,10,37.0
5,8,HC,0,5,11,40.0
5,8,HC,0,5,12,98.0
5,16,OR,1,5,0,130.0
5,16,OR,1,5,1,122.0
5,16,OR,1,5,2,83.0
5,16,OR,1,5,3,171.0
5,16,OR,1,5,4,118.0
5,16,OR,1,5,5,75.0
5,16,OR,1,5,6,64.0
5,16,OR,1,5,7,91.0
5,16,OR,1,4,0,90.0
5,2,OR,0,4,0,44.0
5,2,OR,0,4,1,76.0
5,2,OR,0,2,0,100.0
5,2,OR,0,2,1,27.0
5,2,OR,0,5,0,142.0
5,2,OR,0,5,1,58.0
5,2,OR,0,5,2,186.0
5,2,OR,0,3,0,32.0
5,2,OR,0,3,1,119.0
5,2,OR,0,3,2,37.0
5,2,OR,0,1,0,89.0
5,1,OR,1,5,0,119.0
5,1,OR,1,5,1,22.0
5,1,OR,1,5,2,41.0
5,1,OR,1,5,3,14.0
5,1,OR,1,5,4,118.0
5,1,OR,1,3,0,12.0
5,1,OR,1,3,1,56.0
5,1,OR,1,4,0,122.0
5,1,OR,1,4,1,12.0
5,1,OR,1,4,2,45.0
5,1,OR,1,4,3,65.0
5,3,OD,0,4,0,107.0
5,3,OD,0,4,1,22.0
5,3,OD,0,4,2,68.0
5,3,OD,0,3,0,112.0
5,3,OD,0,5,0,77.0
5,14,OR,0,5,0,71.0
5,14,OR,0,4,0,125.0
5,14,OR,0,4,1,70.0
5,14,OR,0,4,2,54.0
5,14,OR,0,2,0,99.0
5,14,OR,0,3,0,84.0
5,14,OR,0,3,1,116.0
5,4,HC,0,2,0,41.0
5,4,HC,0,2,1,110.0
5,4,HC,0,2,2,32.0
5,4,HC,0,5,0,65.0
5,4,HC,0,5,1,86.0
5,4,HC,0,5,2,30.0
5,4,HC,0,5,3,24.0
5,4,HC,0,5,4,214.0
5,4,HC,0,5,5,173.0
5,4,HC,0,5,6,87.0
5,4,HC,0,5,7,83.0
5,4,HC,0,5,8,106.0
5,4,HC,0,5,9,119.0
5,4,HC,0,5,10,9.0
5,4,HC,0,5,11,15.0
5,4,HC,0,5,12,44.0
5,4,HC,0,5,13,41.0
5,4,HC,0,5,14,88.0
5,4,HC,0,5,15,56.0
5,4,HC,0,4,0,101.0
5,4,HC,0,4,1,30.0
5,4,HC,0,4,2,94.0
5,4,HC,0,4,3,18.0
5,4,HC,0,1,0,46.0
5,4,HC,0,1,1,197.0
5,4,HC,0,3,0,219.0
5,4,HC,0,3,1,110.0
5,4,HC,0,3,2,21.0
5,5,OD,1,5,0,121.0
5,5,OD,1,5,1,64.0
5,5,OD,1,5,2,40.0
5,5,OD,1,5,3,113.0
5,5,OD,1,5,4,17.0
5,5,OD,1,5,5,14.0
5,5,OD,1,5,6,25.0
5,5,OD,1,5,7,125.0
5,5,OD,1,5,8,38.0
5,5,OD,1,5,9,31.0
5,5,OD,1,5,10,34.0
5,5,OD,1,5,11,15.0
5,5,OD,1,5,12,35.0
5,5,OD,1,5,13,30.0
5,5,OD,1,5,14,10.0
5,5,OD,1,2,0,25.0
5,5,OD,1,2,1,69.0
5,5,OD,1,3,0,81.0
5,5,OD,1,3,1,43.0
5,5,OD,1,3,2,29.0
5,5,OD,1,3,3,44.0
5,5,OD,1,4,0,59.0
5,5,OD,1,4,1,112.0
5,17,HC,1,5,0,164.0
5,17,HC,1,5,1,94.0
5,17,HC,1,5,2,136.0
5,17,HC,1,5,3,42.0
5,17,HC,1,5,4,34.0
5,17,HC,1,5,5,97.0
5,17,HC,1,5,6,82.0
5,7,HC,1,3,0,248.0
5,7,HC,1,3,1,212.0
5,7,HC,1,2,0,65.0
5,7,HC,1,2,1,177.0
5,7,HC,1,2,2,66.0
5,7,HC,1,4,0,30.0
5,7,HC,1,4,1,113.0
5,7,HC,1,4,2,126.0
5,7,HC,1,5,0,159.0
5,7,HC,1,5,1,10.0
5,7,HC,1,5,2,157.0
5,7,HC,1,5,3,31.0
5,7,HC,1,5,4,74.0
5,7,HC,1,5,5,72.0
5,7,HC,1,5,6,35.0
5,7,HC,1,5,7,47.0
5,7,HC,1,5,8,57.0
5,7,HC,1,5,9,72.0
5,7,HC,1,5,10,116.0
5,6,HC,1,2,0,26.0
5,6,HC,1,2,1,55.0
5,6,HC,1,2,2,75.0
5,6,HC,1,2,3,127.0
5,6,HC,1,3,0,28.0
5,6,HC,1,3,1,97.0
5,6,HC,1,5,0,93.0
5,6,HC,1,5,1,109.0
5,6,HC,1,5,2,18.0
5,6,HC,1,5,3,121.0
5,6,HC,1,5,4,27.0
5,6,HC,1,4,0,95.0
5,6,HC,1,4,1,154.0
3,6,OD,1,2,0,92.0
3,6,OD,1,4,0,87.0
3,6,OD,1,4,1,60.0
3,6,OD,1,4,2,16.0
3,6,OD,1,4,3,41.0
3,6,OD,1,5,0,163.0
3,6,OD,1,5,1,155.0
3,6,OD,1,5,2,84.0
3,6,OD,1,5,3,18.0
3,6,OD,1,5,4,7.0
3,6,OD,1,5,5,133.0
3,6,OD,1,5,6,24.0
3,6,OD,1,5,7,12.0
3,6,OD,1,5,8,8.0
3,6,OD,1,5,9,98.0
3,6,OD,1,5,10,95.0
3,6,OD,1,5,11,51.0
3,6,OD,1,5,12,26.0
3,6,OD,1,5,13,38.0
3,6,OD,1,5,14,9.0
3,6,OD,1,5,15,14.0
3,6,OD,1,5,16,9.0
3,6,OD,1,3,0,36.0
3,6,OD,1,3,1,139.0
3,6,OD,1,1,0,73.0
3,6,OD,1,1,1,163.0
3,7,HC,1,2,0,89.0
3,7,HC,1,3,0,123.0
3,7,HC,1,3,1,28.0
3,7,HC,1,5,0,93.0
3,7,HC,1,5,1,48.0
3,7,HC,1,5,2,38.0
3,7,HC,1,5,3,123.0
3,7,HC,1,5,4,125.0
3,7,HC,1,5,5,20.0
3,7,HC,1,5,6,68.0
3,7,HC,1,4,0,102.0
3,7,HC,1,4,1,60.0
3,7,HC,1,4,2,66.0
3,7,HC,1,4,3,55.0
3,2,HC,0,4,0,57.0
3,2,HC,0,4,1,104.0
3,2,HC,0,5,0,155.0
3,2,HC,0,5,1,143.0
3,2,HC,0,5,2,29.0
3,2,HC,0,5,3,97.0
3,2,HC,0,5,4,50.0
3,2,HC,0,5,5,143.0
3,2,HC,0,3,0,119.0
3,17,HC,0,5,0,77.0
3,17,HC,0,5,1,10.0
3,17,HC,0,5,2,1.0
3,17,HC,0,5,3,78.0
3,17,HC,0,5,4,83.0
3,17,HC,0,5,5,88.0
3,17,HC,0,5,6,60.0
3,17,HC,0,5,7,119.0
3,17,HC,0,5,8,42.0
3,17,HC,0,4,0,97.0
3,17,HC,0,4,1,88.0
3,17,HC,0,3,0,117.0
3,9,HC,1,4,0,140.0
3,9,HC,1,4,1,62.0
3,9,HC,1,5,0,9.0
3,9,HC,1,5,1,21.0
3,9,HC,1,5,2,26.0
3,9,HC,1,5,3,42.0
3,9,HC,1,5,4,21.0
3,9,HC,1,5,5,18.0
3,9,HC,1,5,6,58.0
3,9,HC,1,5,7,30.0
3,9,HC,1,5,8,31.0
3,9,HC,1,5,9,10.0
3,9,HC,1,5,10,14.0
3,9,HC,1,5,11,15.0
3,9,HC,1,5,12,45.0
3,9,HC,1,5,13,25.0
3,9,HC,1,5,14,56.0
3,9,HC,1,3,0,90.0
3,8,HC,0,4,0,130.0
3,8,HC,0,4,1,162.0
3,8,HC,0,4,2,68.0
3,8,HC,0,5,0,104.0
3,8,HC,0,5,1,37.0
3,8,HC,0,5,2,93.0
3,8,HC,0,5,3,119.0
3,8,HC,0,5,4,81.0
3,8,HC,0,5,5,225.0
3,8,HC,0,5,6,33.0
3,8,HC,0,5,7,140.0
3,8,HC,0,5,8,102.0
3,8,HC,0,5,9,29.0
3,8,HC,0,3,0,17.0
3,8,HC,0,3,1,86.0
3,8,HC,0,3,2,60.0
3,4,OD,0,3,0,44.0
3,4,OD,0,3,1,91.0
3,4,OD,0,4,0,75.0
3,4,OD,0,4,1,45.0
3,4,OD,0,4,2,15.0
3,4,OD,0,5,0,58.0
3,4,OD,0,5,1,25.0
3,4,OD,0,5,2,36.0
3,4,OD,0,5,3,97.0
3,4,OD,0,5,4,15.0
3,4,OD,0,5,5,32.0
3,4,OD,0,5,6,77.0
3,4,OD,0,5,7,26.0
3,4,OD,0,5,8,126.0
3,4,OD,0,5,9,114.0
3,4,OD,0,5,10,50.0
3,4,OD,0,5,11,65.0
3,4,OD,0,5,12,110.0
3,4,OD,0,5,13,80.0
3,1,OR,1,5,0,83.0
3,1,OR,1,5,1,35.0
3,1,OR,1,5,2,142.0
3,1,OR,1,5,3,51.0
3,1,OR,1,5,4,52.0
3,1,OR,1,5,5,79.0
3,1,OR,1,5,6,100.0
3,1,OR,1,5,7,35.0
3,1,OR,1,4,0,78.0
3,5,HC,0,1,0,45.0
3,5,HC,0,5,0,67.0
3,5,HC,0,5,1,91.0
3,5,HC,0,5,2,114.0
3,5,HC,0,5,3,42.0
3,5,HC,0,5,4,27.0
3,5,HC,0,5,5,65.0
3,5,HC,0,5,6,164.0
3,5,HC,0,5,7,116.0
3,5,HC,0,5,8,104.0
3,5,HC,0,5,9,32.0
3,5,HC,0,5,10,43.0
3,3,OR,0,5,0,52.0
3,3,OR,0,5,1,57.0
3,3,OR,0,5,2,104.0
3,3,OR,0,5,3,105.0
3,3,OR,0,5,4,27.0
3,3,OR,0,5,5,42.0
3,3,OR,0,5,6,141.0
3,3,OR,0,5,7,145.0
3,3,OR,0,5,8,63.0
3,3,OR,0,5,9,67.0
3,3,OR,0,5,10,76.0
3,3,OR,0,5,11,42.0
3,3,OR,0,4,0,125.0
3,3,OR,0,4,1,12.0
3,3,OR,0,3,0,29.0
3,3,OR,0,3,1,16.0
3,3,OR,0,2,0,68.0
3,16,OR,1,5,0,22.0
3,16,OR,1,5,1,61.0
3,16,OR,1,5,2,84.0
3,16,OR,1,5,3,70.0
3,16,OR,1,5,4,62.0
3,16,OR,1,5,5,28.0
3,16,OR,1,5,6,113.0
3,16,OR,1,3,0,36.0
3,16,OR,1,3,1,130.0
3,16,OR,1,3,2,1.0
3,16,OR,1,4,0,94.0
4,4,OD,1,5,0,120.0
4,4,OD,1,5,1,22.0
4,4,OD,1,5,2,162.0
4,4,OD,1,5,3,126.0
4,4,OD,1,5,4,106.0
4,4,OD,1,5,5,122.0
4,4,OD,1,5,6,165.0
4,4,OD,1,5,7,64.0
4,4,OD,1,5,8,28.0
4,4,OD,1,5,9,123.0
4,4,OD,1,5,10,72.0
4,4,OD,1,3,0,15.0
4,5,HC,0,4,0,109.0
4,5,HC,0,5,0,123.0
4,5,HC,0,5,1,118.0
4,5,HC,0,5,2,67.0
4,5,HC,0,5,3,52.0
4,5,HC,0,5,4,15.0
4,5,HC,0,2,0,102.0
4,17,HC,0,5,0,120.0
4,17,HC,0,5,1,41.0
4,17,HC,0,5,2,167.0
4,17,HC,0,5,3,125.0
4,17,HC,0,5,4,22.0
4,17,HC,0,5,5,60.0
4,17,HC,0,5,6,172.0
4,17,HC,0,5,7,85.0
4,17,HC,0,3,0,94.0
4,9,HC,0,4,0,109.0
4,9,HC,0,4,1,86.0
4,9,HC,0,4,2,158.0
4,9,HC,0,5,0,80.0
4,9,HC,0,5,1,119.0
4,9,HC,0,5,2,27.0
4,9,HC,0,5,3,181.0
4,9,HC,0,5,4,14.0
4,9,HC,0,5,5,78.0
4,9,HC,0,5,6,43.0
4,9,HC,0,5,7,93.0
4,9,HC,0,5,8,32.0
4,9,HC,0,3,0,123.0
4,3,OR,1,5,0,27.0
4,3,OR,1,5,1,147.0
4,3,OR,1,5,2,88.0
4,3,OR,1,5,3,52.0
4,3,OR,1,5,4,87.0
4,3,OR,1,5,5,41.0
4,3,OR,1,5,6,176.0
4,3,OR,1,5,7,106.0
4,3,OR,1,3,0,7.0
4,3,OR,1,3,1,272.0
4,3,OR,1,4,0,145.0
4,7,HC,1,4,0,124.0
4,7,HC,1,5,0,156.0
4,7,HC,1,5,1,126.0
4,7,HC,1,5,2,155.0
4,7,HC,1,5,3,35.0
4,7,HC,1,5,4,121.0
4,7,HC,1,5,5,49.0
4,7,HC,1,5,6,71.0
4,7,HC,1,5,7,100.0
4,7,HC,1,5,8,75.0
4,7,HC,1,5,9,75.0
4,7,HC,1,5,10,34.0
4,2,HC,0,3,0,18.0
4,2,HC,0,2,0,15.0
4,2,HC,0,2,1,127.0
4,2,HC,0,5,0,118.0
4,2,HC,0,5,1,61.0
4,2,HC,0,1,0,57.0
4,6,OD,0,4,0,78.0
4,6,OD,0,4,1,36.0
4,6,OD,0,4,2,17.0
4,6,OD,0,3,0,9.0
4,6,OD,0,3,1,91.0
4,6,OD,0,3,2,143.0
4,6,OD,0,5,0,210.0
4,6,OD,0,5,1,114.0
4,6,OD,0,5,2,23.0
4,6,OD,0,5,3,106.0
4,6,OD,0,5,4,65.0
4,6,OD,0,5,5,130.0
4,6,OD,0,5,6,22.0
4,6,OD,0,5,7,71.0
4,6,OD,0,5,8,18.0
4,6,OD,0,5,9,117.0
4,6,OD,0,2,0,113.0
4,8,HC,1,5,0,34.0
4,8,HC,1,5,1,151.0
4,8,HC,1,5,2,51.0
4,8,HC,1,5,3,165.0
4,8,HC,1,5,4,81.0
4,8,HC,1,5,5,72.0
4,8,HC,1,5,6,145.0
4,8,HC,1,5,7,33.0
4,8,HC,1,5,8,53.0
4,8,HC,1,4,0,152.0
4,8,HC,1,4,1,3.0
4,8,HC,1,4,2,57.0
4,16,OR,0,5,0,114.0
4,16,OR,0,5,1,6.0
4,16,OR,0,5,2,113.0
4,16,OR,0,5,3,5.0
4,16,OR,0,5,4,45.0
4,16,OR,0,5,5,27.0
4,16,OR,0,5,6,184.0
4,16,OR,0,5,7,6.0
4,16,OR,0,5,8,51.0
4,16,OR,0,5,9,80.0
4,16,OR,0,5,10,64.0
4,16,OR,0,5,11,30.0
4,16,OR,0,4,0,75.0
4,16,OR,0,4,1,10.0
4,1,OR,0,5,0,34.0
4,1,OR,0,5,1,88.0
4,1,OR,0,5,2,156.0
4,1,OR,0,5,3,40.0
4,1,OR,0,5,4,101.0
4,1,OR,0,5,5,76.0
4,1,OR,0,5,6,63.0
4,1,OR,0,5,7,16.0
4,1,OR,0,5,8,125.0
4,1,OR,0,5,9,32.0
4,1,OR,0,5,10,54.0
9,4,CON,2,4,0,23.0
9,4,CON,2,4,1,123.0
9,4,CON,2,4,2,15.0
9,4,CON,2,4,3,49.0
9,4,CON,2,4,4,117.0
9,4,CON,2,3,0,148.0
9,4,CON,2,3,1,14.0
9,4,CON,2,3,2,145.0
9,4,CON,2,2,0,14.0
9,4,CON,2,2,1,70.0
9,4,CON,2,2,2,167.0
9,4,CON,2,5,0,63.0
9,4,CON,2,5,1,14.0
9,4,CON,2,5,2,63.0
9,4,CON,2,5,3,118.0
9,4,CON,2,5,4,177.0
9,4,CON,2,5,5,54.0
9,4,CON,2,5,6,5.0
9,4,CON,2,5,7,104.0
9,4,CON,2,5,8,158.0
9,4,CON,2,5,9,20.0
9,4,CON,2,5,10,38.0
9,4,CON,2,5,11,211.0
4,3,CON,3,1,0,18.0
4,3,CON,3,1,1,38.0
4,3,CON,3,1,2,52.0
4,3,CON,3,2,0,20.0
4,3,CON,3,2,1,5.0
4,3,CON,3,2,2,61.0
4,3,CON,3,2,3,68.0
4,3,CON,3,2,4,17.0
4,3,CON,3,2,5,3.0
4,3,CON,3,2,6,39.0
4,3,CON,3,2,7,92.0
4,3,CON,3,3,0,12.0
4,3,CON,3,3,1,21.0
4,3,CON,3,3,2,19.0
4,3,CON,3,3,3,48.0
4,3,CON,3,3,4,189.0
4,3,CON,3,3,5,21.0
4,3,CON,3,3,6,20.0
4,3,CON,3,4,0,48.0
4,3,CON,3,4,1,8.0
4,3,CON,3,4,2,33.0
4,3,CON,3,4,3,46.0
4,3,CON,3,4,4,88.0
4,3,CON,3,4,5,15.0
4,3,CON,3,4,6,37.0
4,3,CON,3,5,0,79.0
4,3,CON,3,5,1,8.0
4,3,CON,3,5,2,11.0
4,3,CON,3,5,3,17.0
4,3,CON,3,5,4,137.0
4,3,CON,3,5,5,7.0
4,3,CON,3,5,6,73.0
4,3,CON,3,5,7,118.0
4,3,CON,3,5,8,3.0
4,3,CON,3,5,9,59.0
4,3,CON,3,5,10,107.0
4,3,CON,3,5,11,19.0
4,3,CON,3,5,12,61.0
4,3,CON,3,5,13,38.0
4,3,CON,3,5,14,104.0
4,3,CON,3,5,15,30.0
4,3,CON,3,5,16,11.0
4,3,CON,3,5,17,22.0
4,3,CON,3,5,18,8.0
4,3,CON,3,5,19,20.0
4,3,CON,3,5,20,36.0
4,3,CON,3,5,21,41.0
4,3,CON,3,5,22,41.0
4,3,CON,3,5,23,28.0
4,3,CON,3,5,24,104.0
4,3,CON,3,5,25,8.0
4,3,CON,3,5,26,8.0
3,5,CON,3,4,0,47.0
3,5,CON,3,4,1,65.0
3,5,CON,3,4,2,126.0
3,5,CON,3,4,3,152.0
3,5,CON,3,1,0,9.0
3,5,CON,3,1,1,85.0
3,5,CON,3,1,2,5.0
3,5,CON,3,3,0,2.0
3,5,CON,3,3,1,58.0
3,5,CON,3,3,2,94.0
3,5,CON,3,3,3,82.0
3,5,CON,3,3,4,122.0
3,5,CON,3,3,5,64.0
3,5,CON,3,5,0,28.0
3,5,CON,3,5,1,108.0
3,5,CON,3,5,2,69.0
3,5,CON,3,5,3,74.0
3,5,CON,3,5,4,8.0
3,5,CON,3,5,5,34.0
3,5,CON,3,5,6,11.0
3,5,CON,3,5,7,148.0
3,5,CON,3,5,8,30.0
3,5,CON,3,5,9,143.0
3,5,CON,3,5,10,44.0
3,5,CON,3,5,11,54.0
3,5,CON,3,5,12,52.0
3,5,CON,3,5,13,2.0
3,5,CON,3,2,0,42.0
3,5,CON,3,2,1,159.0
1,1,CON,2,4,0,71.0
1,1,CON,2,4,1,6.0
1,1,CON,2,4,2,15.0
1,1,CON,2,4,3,23.0
1,1,CON,2,4,4,99.0
1,1,CON,2,2,0,7.0
1,1,CON,2,5,0,11.0
1,1,CON,2,5,1,27.0
1,1,CON,2,5,2,55.0
1,1,CON,2,5,3,65.0
1,1,CON,2,5,4,22.0
1,1,CON,2,5,5,11.0
1,1,CON,2,5,6,85.0
8,4,CON,3,5,0,16.0
8,4,CON,3,5,1,130.0
8,4,CON,3,5,2,154.0
8,4,CON,3,5,3,42.0
8,4,CON,3,5,4,114.0
8,4,CON,3,5,5,59.0
8,4,CON,3,5,6,154.0
8,4,CON,3,5,7,82.0
8,4,CON,3,5,8,47.0
8,4,CON,3,5,9,48.0
8,4,CON,3,5,10,12.0
8,4,CON,3,5,11,112.0
8,4,CON,3,3,0,40.0
8,4,CON,3,3,1,104.0
8,4,CON,3,3,2,52.0
8,4,CON,3,4,0,39.0
8,4,CON,3,4,1,147.0
8,4,CON,3,4,2,17.0
8,4,CON,3,4,3,15.0
8,4,CON,3,4,4,30.0
8,4,CON,3,4,5,146.0
8,4,CON,3,1,0,22.0
8,4,CON,3,2,0,140.0
8,4,CON,3,2,1,56.0
8,4,CON,3,2,2,184.0
6,3,CON,2,3,0,154.0
6,3,CON,2,5,0,8.0
6,3,CON,2,5,1,21.0
6,3,CON,2,5,2,8.0
6,3,CON,2,5,3,46.0
6,3,CON,2,5,4,143.0
6,3,CON,2,5,5,100.0
6,3,CON,2,5,6,75.0
6,3,CON,2,5,7,7.0
6,3,CON,2,5,8,116.0
6,3,CON,2,5,9,13.0
6,3,CON,2,5,10,10.0
6,3,CON,2,5,11,43.0
6,3,CON,2,5,12,178.0
6,3,CON,2,5,13,161.0
6,3,CON,2,5,14,40.0
6,3,CON,2,5,15,56.0
6,3,CON,2,5,16,173.0
6,3,CON,2,5,17,49.0
6,3,CON,2,4,0,9.0
6,3,CON,2,4,1,110.0
7,3,CON,3,4,0,79.0
7,3,CON,3,4,1,150.0
7,3,CON,3,4,2,195.0
7,3,CON,3,2,0,92.0
7,3,CON,3,3,0,122.0
7,3,CON,3,3,1,12.0
7,3,CON,3,3,2,66.0
7,3,CON,3,5,0,26.0
7,3,CON,3,5,1,75.0
7,3,CON,3,5,2,78.0
7,3,CON,3,5,3,87.0
7,3,CON,3,5,4,24.0
7,3,CON,3,5,5,46.0
7,3,CON,3,5,6,197.0
7,3,CON,3,5,7,64.0
7,3,CON,3,5,8,145.0
7,3,CON,3,5,9,7.0
7,3,CON,3,5,10,40.0
2,3,CON,2,1,0,22.0
2,3,CON,2,1,1,21.0
2,3,CON,2,1,2,14.0
2,3,CON,2,1,3,91.0
2,3,CON,2,2,0,29.0
2,3,CON,2,2,1,55.0
2,3,CON,2,2,2,10.0
2,3,CON,2,2,3,10.0
2,3,CON,2,2,4,11.0
2,3,CON,2,2,5,3.0
2,3,CON,2,2,6,9.0
2,3,CON,2,2,7,63.0
2,3,CON,2,2,8,34.0
2,3,CON,2,3,0,23.0
2,3,CON,2,3,1,7.0
2,3,CON,2,3,2,28.0
2,3,CON,2,3,3,38.0
2,3,CON,2,3,4,45.0
2,3,CON,2,3,5,83.0
2,3,CON,2,3,6,39.0
2,3,CON,2,3,7,28.0
2,3,CON,2,4,0,33.0
2,3,CON,2,4,1,3.0
2,3,CON,2,5,0,52.0
2,3,CON,2,5,1,104.0
2,3,CON,2,5,2,12.0
2,3,CON,2,5,3,8.0
2,3,CON,2,5,4,22.0
9,3,OR,2,3,0,13.0
9,3,OR,2,3,1,62.0
9,3,OR,2,3,2,123.0
9,3,OR,2,3,3,73.0
9,3,OR,2,3,4,160.0
9,3,OR,2,2,0,108.0
9,3,OR,2,2,1,83.0
9,3,OR,2,4,0,176.0
9,3,OR,2,4,1,10.0
9,3,OR,2,4,2,190.0
9,3,OR,2,1,0,96.0
9,3,OR,2,5,0,17.0
9,3,OR,2,5,1,55.0
9,3,OR,2,5,2,125.0
9,3,OR,2,5,3,13.0
9,3,OR,2,5,4,25.0
9,3,OR,2,5,5,13.0
9,3,OR,2,5,6,163.0
9,3,OR,2,5,7,14.0
9,3,OR,2,5,8,90.0
2,2,OR,2,3,0,3.0
2,2,OR,2,3,1,72.0
2,2,OR,2,3,2,63.0
2,2,OR,2,3,3,84.0
2,2,OR,2,2,0,15.0
2,2,OR,2,2,1,42.0
2,2,OR,2,2,2,17.0
2,2,OR,2,2,3,18.0
2,2,OR,2,4,0,4.0
2,2,OR,2,4,1,24.0
2,2,OR,2,4,2,43.0
2,2,OR,2,4,3,97.0
2,2,OR,2,4,4,43.0
2,2,OR,2,5,0,71.0
2,2,OR,2,5,1,28.0
2,2,OR,2,5,2,34.0
2,2,OR,2,5,3,97.0
2,2,OR,2,5,4,34.0
2,2,OR,2,5,5,51.0
2,2,OR,2,5,6,100.0
2,2,OR,2,5,7,51.0
2,2,OR,2,5,8,5.0
2,2,OR,2,5,9,26.0
2,2,OR,2,5,10,47.0
2,2,OR,2,5,11,38.0
2,2,OR,2,5,12,82.0
3,3,OR,3,5,0,4.0
3,3,OR,3,5,1,130.0
3,3,OR,3,5,2,107.0
3,3,OR,3,5,3,68.0
3,3,OR,3,5,4,91.0
3,3,OR,3,5,5,137.0
3,3,OR,3,3,0,93.0
3,3,OR,3,2,0,71.0
3,3,OR,3,2,1,95.0
3,3,OR,3,4,0,94.0
3,3,OR,3,4,1,33.0
8,2,OR,3,2,0,71.0
8,2,OR,3,4,0,10.0
8,2,OR,3,4,1,206.0
8,2,OR,3,4,2,19.0
8,2,OR,3,4,3,77.0
8,2,OR,3,4,4,34.0
8,2,OR,3,5,0,128.0
8,2,OR,3,5,1,106.0
8,2,OR,3,5,2,53.0
8,2,OR,3,5,3,136.0
8,2,OR,3,5,4,33.0
8,2,OR,3,5,5,94.0
8,2,OR,3,5,6,59.0
8,2,OR,3,5,7,81.0
8,2,OR,3,5,8,39.0
8,2,OR,3,5,9,259.0
8,2,OR,3,3,0,39.0
8,2,OR,3,3,1,106.0
8,2,OR,3,3,2,132.0
6,2,OR,2,3,0,148.0
6,2,OR,2,3,1,104.0
6,2,OR,2,4,0,185.0
6,2,OR,2,4,1,112.0
6,2,OR,2,5,0,12.0
6,2,OR,2,5,1,42.0
6,2,OR,2,5,2,161.0
6,2,OR,2,5,3,173.0
6,2,OR,2,5,4,139.0
6,2,OR,2,5,5,72.0
6,2,OR,2,5,6,187.0
6,2,OR,2,5,7,40.0
6,2,OR,2,5,8,323.0
6,2,OR,2,5,9,70.0
6,2,OR,2,5,10,84.0
6,2,OR,2,5,11,167.0
6,2,OR,2,5,12,25.0
6,2,OR,2,5,13,4.0
6,2,OR,2,5,14,98.0
6,2,OR,2,5,15,81.0
6,2,OR,2,5,16,89.0
7,2,OR,3,3,0,112.0
7,2,OR,3,5,0,46.0
7,2,OR,3,5,1,60.0
7,2,OR,3,5,2,68.0
7,2,OR,3,5,3,78.0
7,2,OR,3,5,4,120.0
7,2,OR,3,5,5,150.0
7,2,OR,3,5,6,95.0
7,2,OR,3,5,7,54.0
7,2,OR,3,5,8,76.0
7,2,OR,3,4,0,19.0
7,2,OR,3,4,1,168.0
4,6,OR,3,3,0,39.0
4,6,OR,3,3,1,70.0
4,6,OR,3,3,2,6.0
4,6,OR,3,3,3,64.0
4,6,OR,3,3,4,36.0
4,6,OR,3,3,5,29.0
4,6,OR,3,3,6,29.0
4,6,OR,3,3,7,99.0
4,6,OR,3,3,8,11.0
4,6,OR,3,3,9,19.0
4,6,OR,3,3,10,19.0
4,6,OR,3,5,0,29.0
4,6,OR,3,5,1,78.0
4,6,OR,3,5,2,12.0
4,6,OR,3,5,3,19.0
4,6,OR,3,5,4,28.0
4,6,OR,3,5,5,11.0
4,6,OR,3,5,6,68.0
4,6,OR,3,5,7,13.0
4,6,OR,3,5,8,34.0
4,6,OR,3,5,9,77.0
4,6,OR,3,5,10,94.0
4,6,OR,3,5,11,35.0
4,6,OR,3,5,12,11.0
4,6,OR,3,5,13,92.0
4,6,OR,3,5,14,10.0
4,6,OR,3,5,15,19.0
4,6,OR,3,5,16,62.0
4,6,OR,3,5,17,14.0
4,6,OR,3,5,18,51.0
4,6,OR,3,4,0,32.0
4,6,OR,3,4,1,78.0
4,6,OR,3,2,0,12.0
4,6,OR,3,2,1,149.0
4,6,OR,3,2,2,21.0
4,6,OR,3,2,3,14.0
4,6,OR,3,2,4,23.0
4,6,OR,3,2,5,12.0
4,6,OR,3,2,6,25.0
4,6,OR,3,2,7,102.0
4,6,OR,3,2,8,12.0
4,6,OR,3,2,9,38.0
4,6,OR,3,2,10,25.0
4,6,OR,3,1,0,54.0
4,6,OR,3,1,1,44.0
4,6,OR,3,1,2,108.0
4,6,OR,3,1,3,31.0
4,6,OR,3,1,4,31.0
1,3,OR,2,4,0,55.0
1,3,OR,2,4,1,53.0
1,3,OR,2,4,2,16.0
1,3,OR,2,4,3,136.0
1,3,OR,2,4,4,46.0
1,3,OR,2,1,0,6.0
1,3,OR,2,1,1,10.0
1,3,OR,2,1,2,10.0
1,3,OR,2,1,3,126.0
1,3,OR,2,5,0,17.0
1,3,OR,2,5,1,5.0
1,3,OR,2,5,2,5.0
1,3,OR,2,5,3,69.0
1,3,OR,2,3,0,130.0
1,3,OR,2,3,1,10.0
1,3,OR,2,3,2,45.0
1,3,OR,2,3,3,28.0
1,3,OR,2,2,0,12.0
1,3,OR,2,2,1,31.0
1,3,OR,2,2,2,9.0
1,3,OR,2,2,3,36.0
7,5,OD,3,5,0,97.0
7,5,OD,3,5,1,13.0
7,5,OD,3,5,2,15.0
7,5,OD,3,5,3,114.0
7,5,OD,3,5,4,24.0
7,5,OD,3,5,5,74.0
7,5,OD,3,5,6,88.0
7,5,OD,3,5,7,19.0
7,5,OD,3,5,8,67.0
7,5,OD,3,5,9,13.0
7,5,OD,3,5,10,127.0
7,5,OD,3,5,11,6.0
7,5,OD,3,5,12,72.0
7,5,OD,3,5,13,136.0
7,5,OD,3,3,0,71.0
7,5,OD,3,3,1,46.0
7,5,OD,3,3,2,124.0
7,5,OD,3,4,0,148.0
7,5,OD,3,4,1,17.0
2,1,OD,2,4,0,4.0
2,1,OD,2,4,1,114.0
2,1,OD,2,4,2,18.0
2,1,OD,2,4,3,84.0
2,1,OD,2,2,0,4.0
2,1,OD,2,2,1,93.0
2,1,OD,2,3,0,89.0
2,1,OD,2,5,0,65.0
2,1,OD,2,5,1,106.0
2,1,OD,2,5,2,62.0
2,1,OD,2,5,3,73.0
2,1,OD,2,5,4,17.0
2,1,OD,2,5,5,7.0
4,5,OD,3,3,0,8.0
4,5,OD,3,3,1,79.0
4,5,OD,3,3,2,26.0
4,5,OD,3,3,3,115.0
4,5,OD,3,3,4,64.0
4,5,OD,3,3,5,24.0
4,5,OD,3,3,6,25.0
4,5,OD,3,3,7,135.0
4,5,OD,3,3,8,36.0
4,5,OD,3,3,9,15.0
4,5,OD,3,4,0,63.0
4,5,OD,3,4,1,5.0
4,5,OD,3,4,2,12.0
4,5,OD,3,4,3,81.0
4,5,OD,3,4,4,8.0
4,5,OD,3,4,5,13.0
4,5,OD,3,4,6,16.0
4,5,OD,3,4,7,6.0
4,5,OD,3,4,8,114.0
4,5,OD,3,4,9,7.0
4,5,OD,3,4,10,132.0
4,5,OD,3,4,11,45.0
4,5,OD,3,4,12,8.0
4,5,OD,3,4,13,6.0
4,5,OD,3,4,14,74.0
4,5,OD,3,2,0,13.0
4,5,OD,3,2,1,26.0
4,5,OD,3,2,2,4.0
4,5,OD,3,2,3,170.0
4,5,OD,3,2,4,18.0
4,5,OD,3,2,5,8.0
4,5,OD,3,2,6,9.0
4,5,OD,3,2,7,85.0
4,5,OD,3,2,8,16.0
4,5,OD,3,2,9,91.0
4,5,OD,3,1,0,35.0
4,5,OD,3,1,1,79.0
4,5,OD,3,1,2,146.0
4,5,OD,3,1,3,120.0
4,5,OD,3,5,0,24.0
4,5,OD,3,5,1,72.0
4,5,OD,3,5,2,9.0
4,5,OD,3,5,3,29.0
4,5,OD,3,5,4,30.0
4,5,OD,3,5,5,26.0
4,5,OD,3,5,6,3.0
4,5,OD,3,5,7,61.0
4,5,OD,3,5,8,59.0
4,5,OD,3,5,9,16.0
4,5,OD,3,5,10,92.0
4,5,OD,3,5,11,39.0
4,5,OD,3,5,12,15.0
4,5,OD,3,5,13,16.0
4,5,OD,3,5,14,45.0
4,5,OD,3,5,15,14.0
4,5,OD,3,5,16,19.0
4,5,OD,3,5,17,75.0
4,5,OD,3,5,18,38.0
4,5,OD,3,5,19,43.0
4,5,OD,3,5,20,25.0
4,5,OD,3,5,21,65.0
4,5,OD,3,5,22,4.0
4,5,OD,3,5,23,26.0
4,5,OD,3,5,24,23.0
4,5,OD,3,5,25,58.0
4,5,OD,3,5,26,21.0
4,5,OD,3,5,27,12.0
4,5,OD,3,5,28,43.0
4,5,OD,3,5,29,5.0
8,6,OD,3,4,0,137.0
8,6,OD,3,4,1,135.0
8,6,OD,3,3,0,49.0
8,6,OD,3,3,1,107.0
8,6,OD,3,3,2,29.0
8,6,OD,3,3,3,219.0
8,6,OD,3,3,4,25.0
8,6,OD,3,1,0,36.0
8,6,OD,3,5,0,118.0
8,6,OD,3,5,1,63.0
8,6,OD,3,5,2,113.0
8,6,OD,3,5,3,92.0
8,6,OD,3,5,4,5.0
8,6,OD,3,5,5,93.0
8,6,OD,3,2,0,13.0
8,6,OD,3,2,1,25.0
8,6,OD,3,2,2,13.0
8,6,OD,3,2,3,109.0
8,6,OD,3,2,4,11.0
9,6,OD,2,5,0,36.0
9,6,OD,2,5,1,105.0
9,6,OD,2,5,2,10.0
9,6,OD,2,5,3,22.0
9,6,OD,2,5,4,27.0
9,6,OD,2,5,5,38.0
9,6,OD,2,5,6,9.0
9,6,OD,2,5,7,4.0
9,6,OD,2,5,8,104.0
9,6,OD,2,4,0,55.0
9,6,OD,2,4,1,42.0
9,6,OD,2,4,2,141.0
9,6,OD,2,3,0,19.0
9,6,OD,2,3,1,15.0
9,6,OD,2,3,2,165.0
9,6,OD,2,3,3,77.0
9,6,OD,2,2,0,27.0
9,6,OD,2,2,1,6.0
9,6,OD,2,2,2,14.0
6,4,OD,2,3,0,12.0
6,4,OD,2,3,1,90.0
6,4,OD,2,5,0,7.0
6,4,OD,2,5,1,31.0
6,4,OD,2,5,2,7.0
6,4,OD,2,5,3,75.0
6,4,OD,2,5,4,78.0
6,4,OD,2,5,5,59.0
6,4,OD,2,5,6,114.0
6,4,OD,2,5,7,12.0
6,4,OD,2,5,8,2.0
6,4,OD,2,5,9,42.0
6,4,OD,2,5,10,25.0
6,4,OD,2,5,11,56.0
6,4,OD,2,5,12,26.0
6,4,OD,2,5,13,8.0
6,4,OD,2,5,14,70.0
1,2,OD,2,1,0,58.0
1,2,OD,2,1,1,51.0
1,2,OD,2,2,0,115.0
1,2,OD,2,2,1,14.0
1,2,OD,2,4,0,27.0
1,2,OD,2,3,0,8.0
1,2,OD,2,3,1,7.0
1,2,OD,2,3,2,95.0
1,2,OD,2,3,3,14.0
1,2,OD,2,5,0,11.0
1,2,OD,2,5,1,104.0
1,2,OD,2,5,2,21.0
1,2,OD,2,5,3,62.0
1,2,OD,2,5,4,46.0
3,1,OD,3,2,0,1.0
3,1,OD,3,5,0,14.0
3,1,OD,3,5,1,22.0
3,1,OD,3,5,2,14.0
3,1,OD,3,5,3,29.0
3,1,OD,3,5,4,63.0
3,1,OD,3,5,5,78.0
3,1,OD,3,5,6,30.0
3,1,OD,3,5,7,15.0
3,1,OD,3,5,8,38.0
3,1,OD,3,5,9,16.0
3,1,OD,3,5,10,67.0
7,1,HC,3,4,0,16.0
7,1,HC,3,4,1,193.0
7,1,HC,3,4,2,142.0
7,1,HC,3,1,0,58.0
7,1,HC,3,5,0,12.0
7,1,HC,3,5,1,134.0
7,1,HC,3,5,2,17.0
7,1,HC,3,5,3,172.0
7,1,HC,3,5,4,13.0
7,1,HC,3,5,5,11.0
7,1,HC,3,5,6,68.0
7,1,HC,3,3,0,90.0
7,1,HC,3,3,1,17.0
7,1,HC,3,3,2,220.0
7,1,HC,3,2,0,57.0
7,1,HC,3,2,1,54.0
7,1,HC,3,2,2,109.0
2,4,HC,2,1,0,32.0
2,4,HC,2,1,1,69.0
2,4,HC,2,1,2,128.0
2,4,HC,2,1,3,31.0
2,4,HC,2,4,0,120.0
2,4,HC,2,4,1,38.0
2,4,HC,2,4,2,17.0
2,4,HC,2,4,3,4.0
2,4,HC,2,4,4,103.0
2,4,HC,2,4,5,41.0
2,4,HC,2,5,0,16.0
2,4,HC,2,5,1,15.0
2,4,HC,2,5,2,45.0
2,4,HC,2,5,3,17.0
2,4,HC,2,5,4,78.0
2,4,HC,2,5,5,10.0
2,4,HC,2,5,6,10.0
2,4,HC,2,5,7,40.0
2,4,HC,2,5,8,87.0
2,4,HC,2,5,9,19.0
2,4,HC,2,5,10,54.0
2,4,HC,2,5,11,7.0
2,4,HC,2,5,12,2.0
2,4,HC,2,5,13,92.0
2,4,HC,2,3,0,58.0
2,4,HC,2,3,1,38.0
2,4,HC,2,2,0,20.0
2,4,HC,2,2,1,32.0
2,4,HC,2,2,2,60.0
2,4,HC,2,2,3,49.0
2,4,HC,2,2,4,110.0
2,4,HC,2,2,5,45.0
2,4,HC,2,2,6,12.0
3,14,HC,3,5,0,72.0
3,14,HC,3,5,1,52.0
3,14,HC,3,5,2,80.0
3,14,HC,3,5,3,102.0
3,14,HC,3,5,4,43.0
3,14,HC,3,4,0,56.0
3,14,HC,3,4,1,99.0
4,4,HC,3,4,0,4.0
4,4,HC,3,4,1,8.0
4,4,HC,3,4,2,34.0
4,4,HC,3,5,0,24.0
4,4,HC,3,5,1,11.0
4,4,HC,3,5,2,52.0
4,4,HC,3,5,3,16.0
4,4,HC,3,5,4,68.0
4,4,HC,3,5,5,2.0
4,4,HC,3,5,6,18.0
4,4,HC,3,5,7,95.0
4,4,HC,3,5,8,15.0
4,4,HC,3,5,9,5.0
4,4,HC,3,5,10,23.0
4,4,HC,3,5,11,72.0
4,4,HC,3,5,12,64.0
4,4,HC,3,5,13,2.0
4,4,HC,3,5,14,26.0
4,4,HC,3,5,15,121.0
4,4,HC,3,5,16,36.0
4,4,HC,3,5,17,129.0
4,4,HC,3,5,18,68.0
4,4,HC,3,5,19,7.0
4,4,HC,3,5,20,51.0
4,4,HC,3,5,21,47.0
4,4,HC,3,5,22,20.0
4,4,HC,3,5,23,40.0
4,4,HC,3,5,24,74.0
4,4,HC,3,5,25,26.0
4,4,HC,3,1,0,24.0
4,4,HC,3,1,1,7.0
4,4,HC,3,1,2,28.0
4,4,HC,3,1,3,87.0
4,4,HC,3,1,4,58.0
4,4,HC,3,1,5,7.0
4,4,HC,3,1,6,50.0
4,4,HC,3,3,0,5.0
4,4,HC,3,3,1,27.0
4,4,HC,3,3,2,60.0
4,4,HC,3,3,3,22.0
4,4,HC,3,3,4,105.0
4,4,HC,3,3,5,27.0
4,4,HC,3,3,6,46.0
4,4,HC,3,3,7,6.0
4,4,HC,3,3,8,27.0
4,4,HC,3,2,0,36.0
4,4,HC,3,2,1,11.0
4,4,HC,3,2,2,3.0
4,4,HC,3,2,3,154.0
4,4,HC,3,2,4,43.0
4,4,HC,3,2,5,53.0
4,4,HC,3,2,6,8.0
4,4,HC,3,2,7,39.0
4,4,HC,3,2,8,9.0
4,4,HC,3,2,9,164.0
1,4,HC,2,4,0,5.0
1,4,HC,2,4,1,208.0
1,4,HC,2,4,2,29.0
1,4,HC,2,4,3,90.0
1,4,HC,2,4,4,12.0
1,4,HC,2,4,5,9.0
1,4,HC,2,4,6,48.0
1,4,HC,2,5,0,14.0
1,4,HC,2,5,1,113.0
1,4,HC,2,5,2,21.0
1,4,HC,2,5,3,30.0
1,4,HC,2,5,4,4.0
1,4,HC,2,5,5,85.0
1,4,HC,2,2,0,5.0
1,4,HC,2,2,1,122.0
1,4,HC,2,3,0,37.0
1,4,HC,2,3,1,54.0
1,4,HC,2,3,2,62.0
1,4,HC,2,3,3,119.0
1,4,HC,2,1,0,103.0
1,4,HC,2,1,1,52.0
1,4,HC,2,1,2,24.0
1,4,HC,2,1,3,44.0
9,1,HC,2,3,0,22.0
9,1,HC,2,3,1,181.0
9,1,HC,2,3,2,8.0
9,1,HC,2,3,3,119.0
9,1,HC,2,3,4,216.0
9,1,HC,2,2,0,53.0
9,1,HC,2,2,1,39.0
9,1,HC,2,1,0,59.0
9,1,HC,2,1,1,162.0
9,1,HC,2,5,0,31.0
9,1,HC,2,5,1,15.0
9,1,HC,2,5,2,95.0
9,1,HC,2,5,3,9.0
9,1,HC,2,5,4,87.0
9,1,HC,2,5,5,12.0
9,1,HC,2,5,6,22.0
9,1,HC,2,5,7,27.0
9,1,HC,2,5,8,103.0
9,1,HC,2,5,9,27.0
9,1,HC,2,5,10,25.0
9,1,HC,2,5,11,67.0
9,1,HC,2,5,12,49.0
9,1,HC,2,4,0,20.0
9,1,HC,2,4,1,99.0
9,1,HC,2,4,2,179.0
6,1,HC,2,3,0,184.0
6,1,HC,2,3,1,102.0
6,1,HC,2,3,2,23.0
6,1,HC,2,3,3,242.0
6,1,HC,2,5,0,78.0
6,1,HC,2,5,1,40.0
6,1,HC,2,5,2,219.0
6,1,HC,2,5,3,35.0
6,1,HC,2,5,4,113.0
6,1,HC,2,5,5,64.0
6,1,HC,2,5,6,37.0
6,1,HC,2,5,7,13.0
6,1,HC,2,5,8,19.0
6,1,HC,2,5,9,134.0
6,1,HC,2,5,10,46.0
6,1,HC,2,5,11,140.0
6,1,HC,2,5,12,91.0
6,1,HC,2,5,13,90.0
6,1,HC,2,5,14,27.0
6,1,HC,2,4,0,138.0
6,1,HC,2,4,1,21.0
6,1,HC,2,4,2,200.0
6,1,HC,2,4,3,230.0
6,1,HC,2,4,4,62.0
6,1,HC,2,2,0,15.0
6,1,HC,2,2,1,54.0
6,1,HC,2,2,2,159.0
8,1,HC,3,4,0,17.0
8,1,HC,3,4,1,126.0
8,1,HC,3,4,2,35.0
8,1,HC,3,4,3,116.0
8,1,HC,3,4,4,85.0
8,1,HC,3,4,5,55.0
8,1,HC,3,4,6,110.0
8,1,HC,3,4,7,25.0
8,1,HC,3,2,0,32.0
8,1,HC,3,2,1,93.0
8,1,HC,3,2,2,184.0
8,1,HC,3,3,0,90.0
8,1,HC,3,3,1,37.0
8,1,HC,3,3,2,168.0
8,1,HC,3,5,0,133.0
8,1,HC,3,5,1,31.0
8,1,HC,3,5,2,29.0
8,1,HC,3,5,3,51.0
8,1,HC,3,5,4,67.0
8,1,HC,3,5,5,34.0
8,1,HC,3,5,6,158.0
8,1,HC,3,5,7,83.0
8,1,HC,3,5,8,60.0
8,1,HC,3,5,9,147.0
8,1,HC,3,5,10,23.0
8,1,HC,3,5,11,43.0
8,1,HC,3,5,12,107.0
1,1,OD,4,5,0,241.0
1,1,OD,4,5,1,68.0
1,1,OD,4,5,2,79.0
1,1,OD,4,5,3,80.0
1,1,OD,4,5,4,47.0
1,1,OD,4,5,5,3.0
1,1,OD,4,5,6,286.0
1,1,OD,4,5,7,1.0
1,1,OD,4,5,8,35.0
1,1,OD,4,5,9,167.0
1,1,OD,4,5,10,49.0
1,1,OD,4,5,11,16.0
1,1,OD,4,5,12,32.0
1,1,OD,4,5,13,104.0
1,1,OD,4,5,14,281.0
1,1,OD,4,1,0,114.0
1,1,OD,4,1,1,68.0
1,1,OD,4,4,0,186.0
1,1,OD,4,4,1,211.0
1,1,OD,4,2,0,108.0
1,1,OD,4,2,1,40.0
1,1,OD,4,3,0,111.0
1,1,OD,4,3,1,187.0
1,1,OD,4,3,2,88.0
1,1,OD,4,3,3,176.0
1,1,OD,4,3,4,17.0
1,2,OR,4,4,0,124.0
1,2,OR,4,4,1,25.0
1,2,OR,4,4,2,110.0
1,2,OR,4,4,3,37.0
1,2,OR,4,4,4,102.0
1,2,OR,4,4,5,42.0
1,2,OR,4,2,0,6.0
1,2,OR,4,2,1,2.0
1,2,OR,4,2,2,8.0
1,2,OR,4,2,3,11.0
1,2,OR,4,2,4,6.0
1,2,OR,4,1,0,63.0
1,2,OR,4,1,1,63.0
1,2,OR,4,5,0,69.0
1,2,OR,4,5,1,113.0
1,2,OR,4,5,2,16.0
1,2,OR,4,5,3,49.0
1,2,OR,4,5,4,59.0
1,2,OR,4,5,5,162.0
1,2,OR,4,5,6,49.0
1,2,OR,4,5,7,96.0
1,2,OR,4,5,8,134.0
1,2,OR,4,5,9,79.0
1,2,OR,4,5,10,25.0
1,2,OR,4,5,11,9.0
1,2,OR,4,5,12,47.0
1,2,OR,4,5,13,3.0
1,2,OR,4,5,14,1189.0
1,2,OR,4,3,0,60.0
1,2,OR,4,3,1,19.0
1,2,OR,4,3,2,98.0
1,4,CON,4,2,0,63.0
1,4,CON,4,5,0,92.0
1,4,CON,4,5,1,147.0
1,4,CON,4,5,2,101.0
1,4,CON,4,5,3,51.0
1,4,CON,4,5,4,107.0
1,4,CON,4,5,5,50.0
1,4,CON,4,5,6,25.0
1,4,CON,4,5,7,10.0
1,4,CON,4,5,8,143.0
1,4,CON,4,5,9,112.0
1,4,CON,4,5,10,91.0
1,4,CON,4,5,11,111.0
1,4,CON,4,5,12,34.0
1,4,CON,4,5,13,20.0
1,4,CON,4,5,14,102.0
1,4,CON,4,5,15,56.0
1,4,CON,4,4,0,110.0
1,4,CON,4,4,1,33.0
1,4,CON,4,3,0,21.0
1,4,CON,4,3,1,58.0
1,4,CON,4,3,2,19.0
1,4,CON,4,3,3,30.0
1,4,CON,4,3,4,22.0
1,4,CON,4,3,5,81.0
1,4,CON,4,3,6,47.0
1,4,CON,4,1,0,85.0
1,3,HC,4,5,0,134.0
1,3,HC,4,5,1,83.0
1,3,HC,4,5,2,98.0
1,3,HC,4,5,3,25.0
1,3,HC,4,5,4,46.0
1,3,HC,4,5,5,46.0
1,3,HC,4,5,6,124.0
1,3,HC,4,5,7,124.0
1,3,HC,4,5,8,83.0
1,3,HC,4,1,0,70.0
1,3,HC,4,4,0,73.0
1,3,HC,4,4,1,71.0
1,3,HC,4,4,2,39.0
1,3,HC,4,3,0,35.0
1,3,HC,4,3,1,62.0
1,3,HC,4,3,2,31.0
1,3,HC,4,3,3,26.0
1,3,HC,4,2,0,65.0
1,3,HC,4,2,1,68.0
1,3,HC,4,2,2,11.0
1,5,OR-N,4,5,0,20.0
1,5,OR-N,4,5,1,42.0
1,5,OR-N,4,5,2,135.0
1,5,OR-N,4,5,3,41.0
1,5,OR-N,4,5,4,5.0
1,5,OR-N,4,5,5,136.0
1,5,OR-N,4,5,6,151.0
1,5,OR-N,4,5,7,13.0
1,5,OR-N,4,5,8,4.0
1,5,OR-N,4,5,9,165.0
1,5,OR-N,4,5,10,119.0
1,5,OR-N,4,5,11,78.0
1,5,OR-N,4,5,12,179.0
1,5,OR-N,4,5,13,18.0
1,5,OR-N,4,5,14,76.0
1,5,OR-N,4,4,0,60.0
9,3,HC,4,2,0,14.0
9,3,HC,4,2,1,96.0
9,3,HC,4,2,2,9.0
9,3,HC,4,2,3,22.0
9,3,HC,4,2,4,67.0
9,3,HC,4,2,5,79.0
9,3,HC,4,2,6,82.0
9,3,HC,4,2,7,30.0
9,3,HC,4,2,8,40.0
9,3,HC,4,2,9,148.0
9,3,HC,4,3,0,59.0
9,3,HC,4,3,1,138.0
9,3,HC,4,3,2,70.0
9,3,HC,4,3,3,146.0
9,3,HC,4,3,4,43.0
9,3,HC,4,5,0,64.0
9,3,HC,4,5,1,55.0
9,3,HC,4,5,2,20.0
9,3,HC,4,5,3,62.0
9,3,HC,4,5,4,49.0
9,3,HC,4,5,5,52.0
9,3,HC,4,5,6,70.0
9,3,HC,4,5,7,12.0
9,3,HC,4,5,8,24.0
9,3,HC,4,5,9,89.0
9,3,HC,4,5,10,31.0
9,3,HC,4,5,11,48.0
9,3,HC,4,5,12,102.0
9,3,HC,4,5,13,48.0
9,3,HC,4,5,14,66.0
9,3,HC,4,5,15,50.0
9,3,HC,4,5,16,27.0
9,3,HC,4,1,0,53.0
9,3,HC,4,1,1,41.0
9,3,HC,4,1,2,69.0
9,3,HC,4,1,3,137.0
9,3,HC,4,4,0,111.0
9,4,OD,4,5,0,101.0
9,4,OD,4,5,1,36.0
9,4,OD,4,5,2,111.0
9,4,OD,4,5,3,27.0
9,4,OD,4,5,4,158.0
9,4,OD,4,5,5,47.0
9,4,OD,4,5,6,95.0
9,4,OD,4,5,7,78.0
9,4,OD,4,5,8,174.0
9,4,OD,4,5,9,42.0
9,4,OD,4,5,10,237.0
9,4,OD,4,5,11,95.0
9,4,OD,4,5,12,31.0
9,4,OD,4,5,13,68.0
9,4,OD,4,5,14,20.0
9,4,OD,4,5,15,43.0
9,4,OD,4,5,16,20.0
9,4,OD,4,5,17,20.0
9,4,OD,4,5,18,48.0
9,4,OD,4,5,19,21.0
9,4,OD,4,5,20,53.0
9,4,OD,4,5,21,121.0
9,4,OD,4,4,0,49.0
9,4,OD,4,4,1,174.0
9,4,OD,4,4,2,59.0
9,4,OD,4,4,3,157.0
9,4,OD,4,4,4,92.0
9,4,OD,4,4,5,11.0
9,4,OD,4,1,0,18.0
9,4,OD,4,2,0,93.0
9,4,OD,4,2,1,77.0
9,4,OD,4,2,2,54.0
9,4,OD,4,2,3,30.0
9,4,OD,4,3,0,22.0
9,4,OD,4,3,1,92.0
9,4,OD,4,3,2,56.0
9,4,OD,4,3,3,232.0
9,4,OD,4,3,4,68.0
9,4,OD,4,3,5,23.0
9,4,OD,4,3,6,33.0
9,4,OD,4,3,7,17.0
9,10,OR,4,2,0,67.0
9,10,OR,4,2,1,19.0
9,10,OR,4,2,2,35.0
9,10,OR,4,2,3,26.0
9,10,OR,4,2,4,76.0
9,10,OR,4,2,5,92.0
9,10,OR,4,4,0,183.0
9,10,OR,4,4,1,77.0
9,10,OR,4,4,2,79.0
9,10,OR,4,1,0,44.0
9,10,OR,4,1,1,119.0
9,10,OR,4,1,2,35.0
9,10,OR,4,5,0,80.0
9,10,OR,4,5,1,92.0
9,10,OR,4,5,2,38.0
9,10,OR,4,5,3,25.0
9,10,OR,4,5,4,33.0
9,10,OR,4,5,5,177.0
9,10,OR,4,5,6,32.0
9,10,OR,4,5,7,72.0
9,10,OR,4,5,8,66.0
9,10,OR,4,5,9,60.0
9,10,OR,4,5,10,57.0
9,10,OR,4,5,11,92.0
9,10,OR,4,5,12,37.0
9,10,OR,4,5,13,54.0
9,10,OR,4,5,14,166.0
9,10,OR,4,5,15,32.0
9,10,OR,4,5,16,25.0
9,10,OR,4,5,17,159.0
9,10,OR,4,3,0,61.0
9,10,OR,4,3,1,99.0
9,10,OR,4,3,2,117.0
9,10,OR,4,3,3,50.0
9,2,CON,4,1,0,53.0
9,2,CON,4,1,1,64.0
9,2,CON,4,1,2,53.0
9,2,CON,4,2,0,23.0
9,2,CON,4,2,1,21.0
9,2,CON,4,2,2,137.0
9,2,CON,4,2,3,7.0
9,2,CON,4,2,4,22.0
9,2,CON,4,2,5,62.0
9,2,CON,4,2,6,33.0
9,2,CON,4,5,0,15.0
9,2,CON,4,5,1,90.0
9,2,CON,4,5,2,52.0
9,2,CON,4,5,3,37.0
9,2,CON,4,5,4,20.0
9,2,CON,4,5,5,136.0
9,2,CON,4,5,6,31.0
9,2,CON,4,5,7,26.0
9,2,CON,4,5,8,32.0
9,2,CON,4,5,9,10.0
9,2,CON,4,3,0,105.0
9,2,CON,4,3,1,28.0
9,2,CON,4,3,2,29.0
9,2,CON,4,3,3,122.0
9,2,CON,4,3,4,79.0
9,2,CON,4,3,5,48.0
9,2,CON,4,4,0,48.0
9,2,CON,4,4,1,27.0
9,2,CON,4,4,2,2.0
9,2,CON,4,4,3,48.0
9,2,CON,4,4,4,110.0
9,2,CON,4,4,5,32.0
9,2,CON,4,4,6,10.0
9,2,CON,4,4,7,39.0
9,2,CON,4,4,8,54.0
9,2,CON,4,4,9,33.0
9,16,OR-N,4,4,0,39.0
9,16,OR-N,4,4,1,137.0
9,16,OR-N,4,4,2,18.0
9,16,OR-N,4,4,3,123.0
9,16,OR-N,4,4,4,197.0
9,16,OR-N,4,3,0,44.0
9,16,OR-N,4,3,1,131.0
9,16,OR-N,4,3,2,72.0
9,16,OR-N,4,1,0,107.0
9,16,OR-N,4,5,0,86.0
9,16,OR-N,4,5,1,54.0
9,16,OR-N,4,5,2,34.0
9,16,OR-N,4,5,3,129.0
9,16,OR-N,4,5,4,70.0
9,16,OR-N,4,5,5,92.0
9,16,OR-N,4,5,6,42.0
9,16,OR-N,4,5,7,146.0
9,16,OR-N,4,5,8,56.0
9,16,OR-N,4,5,9,49.0
9,16,OR-N,4,5,10,38.0
9,16,OR-N,4,5,11,30.0
9,16,OR-N,4,5,12,104.0
9,16,OR-N,4,5,13,33.0
9,16,OR-N,4,5,14,62.0
9,16,OR-N,4,5,15,102.0
9,16,OR-N,4,5,16,10.0
9,16,OR-N,4,5,17,55.0
9,16,OR-N,4,5,18,102.0
13,4,OD,4,5,0,83.0
13,4,OD,4,5,1,139.0
13,4,OD,4,5,2,81.0
13,4,OD,4,5,3,142.0
13,4,OD,4,5,4,104.0
13,4,OD,4,5,5,30.0
13,4,OD,4,5,6,127.0
13,4,OD,4,5,7,136.0
13,4,OD,4,5,8,29.0
13,4,OD,4,5,9,22.0
13,4,OD,4,5,10,4.0
13,3,OR,4,3,0,99.0
13,3,OR,4,3,1,52.0
13,3,OR,4,3,2,84.0
13,3,OR,4,3,3,118.0
13,3,OR,4,3,4,45.0
13,3,OR,4,3,5,17.0
13,3,OR,4,5,0,107.0
13,3,OR,4,5,1,49.0
13,3,OR,4,5,2,85.0
13,3,OR,4,5,3,97.0
13,3,OR,4,5,4,29.0
13,3,OR,4,5,5,86.0
13,3,OR,4,5,6,132.0
13,3,OR,4,4,0,187.0
13,3,OR,4,4,1,34.0
13,3,OR,4,4,2,149.0
13,3,OR,4,2,0,142.0
13,3,OR,4,2,1,21.0
13,3,OR,4,2,2,204.0
13,2,HC,4,4,0,107.0
13,2,HC,4,4,1,41.0
13,2,HC,4,5,0,89.0
13,2,HC,4,5,1,64.0
13,2,HC,4,5,2,93.0
13,2,HC,4,5,3,91.0
13,2,HC,4,5,4,24.0
13,2,HC,4,5,5,8.0
13,2,HC,4,5,6,102.0
13,2,HC,4,5,7,37.0
13,2,HC,4,3,0,90.0
13,2,HC,4,3,1,37.0
13,2,HC,4,3,2,156.0
13,2,HC,4,3,3,1.0
13,2,HC,4,2,0,73.0
13,2,HC,4,2,1,66.0
13,2,HC,4,2,2,113.0
13,2,HC,4,2,3,3.0
13,11,OR-N,4,4,0,22.0
13,11,OR-N,4,4,1,116.0
13,11,OR-N,4,4,2,118.0
13,11,OR-N,4,5,0,156.0
13,11,OR-N,4,5,1,138.0
13,11,OR-N,4,5,2,164.0
13,11,OR-N,4,5,3,24.0
13,11,OR-N,4,5,4,174.0
13,11,OR-N,4,5,5,41.0
13,11,OR-N,4,5,6,166.0
13,11,OR-N,4,5,7,21.0
13,11,OR-N,4,5,8,41.0
13,11,OR-N,4,5,9,82.0
13,11,OR-N,4,5,10,76.0
13,11,OR-N,4,1,0,146.0
13,11,OR-N,4,2,0,114.0
13,11,OR-N,4,2,1,43.0
13,11,OR-N,4,2,2,31.0
13,11,OR-N,4,3,0,123.0
13,11,OR-N,4,3,1,4.0
13,11,OR-N,4,3,2,226.0
13,1,CON,4,1,0,10.0
13,1,CON,4,5,0,100.0
13,1,CON,4,5,1,103.0
13,1,CON,4,5,2,122.0
13,1,CON,4,5,3,84.0
13,1,CON,4,2,0,131.0
13,1,CON,4,2,1,64.0
13,1,CON,4,3,0,6.0
6,6,HC,4,3,0,20.0
6,6,HC,4,3,1,60.0
6,6,HC,4,3,2,61.0
6,6,HC,4,3,3,84.0
6,6,HC,4,3,4,114.0
6,6,HC,4,3,5,13.0
6,6,HC,4,3,6,49.0
6,6,HC,4,3,7,18.0
6,6,HC,4,3,8,41.0
6,6,HC,4,1,0,124.0
6,6,HC,4,1,1,72.0
6,6,HC,4,1,2,4.0
6,6,HC,4,1,3,31.0
6,6,HC,4,1,4,80.0
6,6,HC,4,1,5,49.0
6,6,HC,4,1,6,165.0
6,6,HC,4,1,7,42.0
6,6,HC,4,2,0,31.0
6,6,HC,4,2,1,119.0
6,6,HC,4,2,2,44.0
6,6,HC,4,2,3,16.0
6,6,HC,4,2,4,170.0
6,6,HC,4,2,5,95.0
6,6,HC,4,2,6,87.0
6,6,HC,4,2,7,12.0
6,6,HC,4,2,8,27.0
6,6,HC,4,4,0,9.0
6,6,HC,4,4,1,90.0
6,6,HC,4,4,2,125.0
6,6,HC,4,4,3,67.0
6,6,HC,4,4,4,68.0
6,6,HC,4,4,5,59.0
6,6,HC,4,4,6,118.0
6,6,HC,4,4,7,102.0
6,6,HC,4,5,0,147.0
6,6,HC,4,5,1,105.0
6,6,HC,4,5,2,45.0
6,6,HC,4,5,3,87.0
6,6,HC,4,5,4,16.0
6,6,HC,4,5,5,122.0
6,6,HC,4,5,6,32.0
6,6,HC,4,5,7,48.0
6,6,HC,4,5,8,77.0
6,6,HC,4,5,9,61.0
6,6,HC,4,5,10,144.0
6,6,HC,4,5,11,18.0
6,6,HC,4,5,12,148.0
6,6,HC,4,5,13,42.0
6,6,HC,4,5,14,149.0
6,1,HC,4,2,0,36.0
6,1,HC,4,2,1,117.0
6,1,HC,4,2,2,17.0
6,1,HC,4,2,3,22.0
6,1,HC,4,3,0,132.0
6,1,HC,4,3,1,72.0
6,1,HC,4,5,0,113.0
6,1,HC,4,5,1,56.0
6,1,HC,4,5,2,112.0
6,1,HC,4,5,3,28.0
6,1,HC,4,5,4,74.0
6,1,HC,4,5,5,7.0
6,1,HC,4,4,0,147.0
6,1,HC,4,4,1,11.0
6,1,HC,4,4,2,142.0
6,1,HC,4,4,3,34.0
6,1,HC,4,1,0,133.0
6,1,HC,4,1,1,118.0
6,1,HC,4,1,2,26.0
6,10,OD,4,5,0,23.0
6,10,OD,4,5,1,23.0
6,10,OD,4,5,2,173.0
6,10,OD,4,5,3,61.0
6,10,OD,4,5,4,10.0
6,10,OD,4,5,5,166.0
6,10,OD,4,5,6,38.0
6,10,OD,4,5,7,61.0
6,10,OD,4,5,8,54.0
6,10,OD,4,5,9,190.0
6,10,OD,4,5,10,55.0
6,10,OD,4,5,11,184.0
6,10,OD,4,5,12,67.0
6,10,OD,4,5,13,12.0
6,10,OD,4,5,14,53.0
6,10,OD,4,5,15,4.0
6,10,OD,4,5,16,3.0
6,10,OD,4,3,0,70.0
6,10,OD,4,3,1,103.0
6,10,OD,4,2,0,39.0
6,10,OD,4,2,1,85.0
6,10,OD,4,2,2,47.0
6,10,OD,4,4,0,84.0
6,10,OD,4,4,1,55.0
6,10,OD,4,4,2,125.0
6,4,CON,4,1,0,135.0
6,4,CON,4,4,0,38.0
6,4,CON,4,4,1,300.0
6,4,CON,4,4,2,30.0
6,4,CON,4,4,3,1.0
6,4,CON,4,4,4,132.0
6,4,CON,4,4,5,27.0
6,4,CON,4,2,0,105.0
6,4,CON,4,2,1,99.0
6,4,CON,4,5,0,291.0
6,4,CON,4,5,1,199.0
6,4,CON,4,5,2,430.0
6,4,CON,4,5,3,104.0
6,4,CON,4,5,4,150.0
6,4,CON,4,5,5,80.0
6,4,CON,4,5,6,16.0
6,4,CON,4,5,7,72.0
6,4,CON,4,5,8,114.0
6,4,CON,4,5,9,35.0
6,4,CON,4,3,0,138.0
6,7,OR-N,4,2,0,26.0
6,7,OR-N,4,2,1,76.0
6,7,OR-N,4,5,0,169.0
6,7,OR-N,4,5,1,218.0
6,7,OR-N,4,5,2,166.0
6,7,OR-N,4,5,3,54.0
6,7,OR-N,4,5,4,37.0
6,7,OR-N,4,5,5,179.0
6,7,OR-N,4,5,6,174.0
6,7,OR-N,4,3,0,59.0
6,7,OR-N,4,3,1,61.0
6,7,OR-N,4,3,2,63.0
6,7,OR-N,4,3,3,142.0
6,7,OR-N,4,3,4,84.0
6,7,OR-N,4,4,0,42.0
6,7,OR-N,4,4,1,45.0
6,7,OR-N,4,4,2,18.0
6,3,HC,4,1,0,191.0
6,3,HC,4,4,0,12.0
6,3,HC,4,4,1,117.0
6,3,HC,4,4,2,25.0
6,3,HC,4,4,3,41.0
6,3,HC,4,4,4,140.0
6,3,HC,4,3,0,8.0
6,3,HC,4,3,1,42.0
6,3,HC,4,3,2,167.0
6,3,HC,4,3,3,26.0
6,3,HC,4,2,0,136.0
6,3,HC,4,2,1,155.0
6,3,HC,4,5,0,141.0
6,3,HC,4,5,1,136.0
6,3,HC,4,5,2,195.0
6,3,HC,4,5,3,54.0
6,3,HC,4,5,4,146.0
6,3,HC,4,5,5,26.0
6,3,HC,4,5,6,53.0
6,3,HC,4,5,7,163.0
6,3,HC,4,5,8,43.0
6,2,OD,4,4,0,28.0
6,2,OD,4,4,1,23.0
6,2,OD,4,4,2,103.0
6,2,OD,4,4,3,27.0
6,2,OD,4,4,4,113.0
6,2,OD,4,4,5,131.0
6,2,OD,4,1,0,125.0
6,2,OD,4,3,0,195.0
6,2,OD,4,3,1,59.0
6,2,OD,4,3,2,102.0
6,2,OD,4,3,3,85.0
6,2,OD,4,5,0,65.0
6,2,OD,4,5,1,44.0
6,2,OD,4,5,2,98.0
6,2,OD,4,5,3,60.0
6,2,OD,4,5,4,184.0
6,2,OD,4,5,5,25.0
6,2,OD,4,5,6,151.0
6,2,OD,4,5,7,75.0
6,2,OD,4,5,8,20.0
6,2,OD,4,5,9,59.0
6,2,OD,4,5,10,44.0
6,2,OD,4,5,11,118.0
6,2,OD,4,5,12,76.0
6,2,OD,4,5,13,190.0
6,2,OD,4,2,0,33.0
6,2,OD,4,2,1,121.0
6,2,OD,4,2,2,42.0
6,5,OR,4,1,0,43.0
6,5,OR,4,2,0,70.0
6,5,OR,4,5,0,47.0
6,5,OR,4,5,1,65.0
6,5,OR,4,5,2,314.0
6,5,OR,4,5,3,13.0
6,5,OR,4,5,4,12.0
6,5,OR,4,5,5,19.0
6,5,OR,4,5,6,34.0
6,5,OR,4,5,7,3.0
6,5,OR,4,5,8,109.0
6,5,OR,4,5,9,38.0
6,5,OR,4,5,10,24.0
6,5,OR,4,5,11,18.0
6,5,OR,4,5,12,306.0
6,5,OR,4,5,13,26.0
6,5,OR,4,5,14,9.0
6,5,OR,4,5,15,142.0
6,5,OR,4,5,16,206.0
6,5,OR,4,5,17,350.0
6,5,OR,4,5,18,40.0
6,5,OR,4,5,19,118.0
6,5,OR,4,5,20,59.0
6,5,OR,4,5,21,27.0
6,5,OR,4,5,22,154.0
6,5,OR,4,4,0,87.0
6,5,OR,4,4,1,191.0
6,5,OR,4,4,2,35.0
6,5,OR,4,3,0,66.0
6,5,OR,4,3,1,123.0
3,3,HC,4,3,0,216.0
3,3,HC,4,5,0,53.0
3,3,HC,4,5,1,68.0
3,3,HC,4,5,2,154.0
3,3,HC,4,5,3,16.0
3,3,HC,4,5,4,158.0
3,3,HC,4,5,5,116.0
3,3,HC,4,5,6,52.0
3,3,HC,4,5,7,100.0
3,3,HC,4,5,8,15.0
3,3,HC,4,5,9,57.0
3,3,HC,4,5,10,84.0
3,3,HC,4,4,0,7.0
3,3,HC,4,4,1,5.0
3,2,CON,4,5,0,158.0
3,2,CON,4,5,1,77.0
3,2,CON,4,5,2,60.0
3,2,CON,4,5,3,126.0
3,2,CON,4,5,4,186.0
3,2,CON,4,5,5,116.0
3,2,CON,4,5,6,71.0
3,2,CON,4,5,7,164.0
3,2,CON,4,5,8,115.0
3,2,CON,4,5,9,104.0
3,2,CON,4,5,10,76.0
3,2,CON,4,5,11,27.0
3,2,CON,4,4,0,31.0
3,2,CON,4,4,1,101.0
3,2,CON,4,4,2,60.0
3,2,CON,4,4,3,70.0
3,6,HC,4,2,0,40.0
3,6,HC,4,2,1,47.0
3,6,HC,4,2,2,16.0
3,6,HC,4,2,3,34.0
3,6,HC,4,5,0,162.0
3,6,HC,4,5,1,59.0
3,6,HC,4,5,2,107.0
3,6,HC,4,5,3,36.0
3,6,HC,4,5,4,63.0
3,6,HC,4,5,5,32.0
3,6,HC,4,3,0,146.0
3,6,HC,4,1,0,57.0
3,6,HC,4,4,0,146.0
3,6,HC,4,4,1,24.0
3,6,HC,4,4,2,41.0
3,6,HC,4,4,3,38.0
3,4,OD,4,3,0,73.0
3,4,OD,4,3,1,202.0
3,4,OD,4,3,2,137.0
3,4,OD,4,1,0,34.0
3,4,OD,4,5,0,147.0
3,4,OD,4,5,1,59.0
3,4,OD,4,5,2,77.0
3,4,OD,4,5,3,62.0
3,4,OD,4,5,4,206.0
3,4,OD,4,5,5,55.0
3,4,OD,4,5,6,106.0
3,4,OD,4,5,7,91.0
3,4,OD,4,5,8,80.0
3,4,OD,4,5,9,19.0
3,4,OD,4,5,10,46.0
3,4,OD,4,5,11,15.0
3,4,OD,4,5,12,103.0
3,4,OD,4,4,0,110.0
3,4,OD,4,4,1,224.0
3,4,OD,4,4,2,16.0
3,4,OD,4,2,0,93.0
3,5,OR-N,4,4,0,87.0
3,5,OR-N,4,4,1,61.0
3,5,OR-N,4,5,0,173.0
3,5,OR-N,4,5,1,76.0
3,5,OR-N,4,5,2,114.0
3,5,OR-N,4,5,3,151.0
3,5,OR-N,4,5,4,81.0
3,5,OR-N,4,5,5,65.0
3,5,OR-N,4,5,6,32.0
3,5,OR-N,4,5,7,227.0
3,1,OR,4,5,0,15.0
3,1,OR,4,5,1,47.0
3,1,OR,4,5,2,18.0
3,1,OR,4,5,3,8.0
3,1,OR,4,5,4,102.0
3,1,OR,4,5,5,6.0
3,1,OR,4,5,6,18.0
3,1,OR,4,5,7,226.0
3,1,OR,4,5,8,16.0
3,1,OR,4,5,9,10.0
3,1,OR,4,5,10,111.0
3,1,OR,4,5,11,98.0
3,1,OR,4,4,0,73.0
4,1,CON,4,4,0,40.0
4,1,CON,4,4,1,135.0
4,1,CON,4,4,2,64.0
4,1,CON,4,4,3,116.0
4,1,CON,4,5,0,141.0
4,1,CON,4,5,1,54.0
4,1,CON,4,5,2,130.0
4,1,CON,4,5,3,168.0
4,1,CON,4,5,4,33.0
4,1,CON,4,5,5,48.0
4,1,CON,4,5,6,130.0
4,1,CON,4,5,7,53.0
4,1,CON,4,5,8,42.0
4,1,CON,4,5,9,55.0
4,1,CON,4,3,0,17.0
4,1,CON,4,3,1,139.0
4,1,CON,4,3,2,117.0
4,1,CON,4,3,3,112.0
4,1,CON,4,3,4,96.0
4,1,CON,4,2,0,109.0
4,1,CON,4,2,1,21.0
4,1,CON,4,2,2,194.0
4,3,OR,4,4,0,29.0
4,3,OR,4,4,1,72.0
4,3,OR,4,4,2,94.0
4,3,OR,4,4,3,257.0
4,3,OR,4,5,0,22.0
4,3,OR,4,5,1,149.0
4,3,OR,4,5,2,23.0
4,3,OR,4,5,3,192.0
4,3,OR,4,5,4,38.0
4,3,OR,4,5,5,66.0
4,3,OR,4,5,6,113.0
4,3,OR,4,5,7,30.0
4,3,OR,4,5,8,19.0
4,3,OR,4,5,9,7.0
4,3,OR,4,5,10,149.0
4,3,OR,4,5,11,8.0
4,3,OR,4,5,12,124.0
4,3,OR,4,5,13,13.0
4,3,OR,4,5,14,22.0
4,3,OR,4,5,15,17.0
4,3,OR,4,5,16,4.0
4,3,OR,4,5,17,22.0
4,3,OR,4,5,18,148.0
4,3,OR,4,5,19,110.0
4,3,OR,4,5,20,27.0
4,3,OR,4,5,21,90.0
4,3,OR,4,5,22,133.0
4,3,OR,4,5,23,20.0
4,3,OR,4,5,24,78.0
4,3,OR,4,5,25,26.0
4,3,OR,4,5,26,108.0
4,3,OR,4,5,27,24.0
4,3,OR,4,3,0,108.0
4,3,OR,4,3,1,20.0
4,6,OD,4,2,0,125.0
4,6,OD,4,2,1,35.0
4,6,OD,4,2,2,58.0
4,6,OD,4,2,3,23.0
4,6,OD,4,4,0,161.0
4,6,OD,4,4,1,156.0
4,6,OD,4,4,2,164.0
4,6,OD,4,5,0,120.0
4,6,OD,4,5,1,49.0
4,6,OD,4,5,2,125.0
4,6,OD,4,5,3,76.0
4,6,OD,4,5,4,22.0
4,6,OD,4,5,5,60.0
4,6,OD,4,5,6,124.0
4,6,OD,4,5,7,97.0
4,6,OD,4,5,8,16.0
4,6,OD,4,5,9,16.0
4,6,OD,4,5,10,54.0
4,6,OD,4,5,11,33.0
4,6,OD,4,5,12,98.0
4,6,OD,4,5,13,136.0
4,6,OD,4,1,0,107.0
4,6,OD,4,3,0,20.0
4,6,OD,4,3,1,99.0
4,6,OD,4,3,2,153.0
4,2,HC,4,4,0,59.0
4,2,HC,4,4,1,10.0
4,2,HC,4,4,2,122.0
4,2,HC,4,5,0,9.0
4,2,HC,4,5,1,155.0
4,2,HC,4,5,2,92.0
4,2,HC,4,5,3,65.0
4,2,HC,4,5,4,37.0
4,2,HC,4,5,5,15.0
4,2,HC,4,5,6,95.0
4,2,HC,4,5,7,182.0
4,2,HC,4,5,8,226.0
4,2,HC,4,5,9,30.0
4,2,HC,4,5,10,130.0
4,2,HC,4,5,11,130.0
4,2,HC,4,5,12,15.0
4,2,HC,4,5,13,43.0
4,2,HC,4,5,14,174.0
4,2,HC,4,5,15,59.0
4,4,OR-N,4,5,0,113.0
4,4,OR-N,4,5,1,140.0
4,4,OR-N,4,5,2,129.0
4,4,OR-N,4,5,3,16.0
4,4,OR-N,4,5,4,81.0
4,4,OR-N,4,5,5,32.0
4,4,OR-N,4,5,6,65.0
4,4,OR-N,4,5,7,27.0
4,4,OR-N,4,5,8,103.0
4,4,OR-N,4,5,9,92.0
4,4,OR-N,4,5,10,54.0
4,4,OR-N,4,5,11,33.0
4,4,OR-N,4,4,0,85.0
4,4,OR-N,4,4,1,131.0
11,2,OD,4,1,0,129.0
11,2,OD,4,1,1,28.0
11,2,OD,4,1,2,112.0
11,2,OD,4,1,3,72.0
11,2,OD,4,3,0,146.0
11,2,OD,4,3,1,44.0
11,2,OD,4,3,2,20.0
11,2,OD,4,3,3,14.0
11,2,OD,4,3,4,96.0
11,2,OD,4,3,5,96.0
11,2,OD,4,4,0,124.0
11,2,OD,4,4,1,28.0
11,2,OD,4,4,2,45.0
11,2,OD,4,4,3,127.0
11,2,OD,4,2,0,88.0
11,2,OD,4,2,1,143.0
11,2,OD,4,2,2,25.0
11,2,OD,4,2,3,76.0
11,2,OD,4,5,0,31.0
11,2,OD,4,5,1,145.0
11,2,OD,4,5,2,34.0
11,2,OD,4,5,3,32.0
11,2,OD,4,5,4,139.0
11,2,OD,4,5,5,54.0
11,2,OD,4,5,6,49.0
11,2,OD,4,5,7,37.0
11,2,OD,4,5,8,112.0
11,2,OD,4,5,9,39.0
11,2,OD,4,5,10,115.0
11,2,OD,4,5,11,38.0
11,2,OD,4,5,12,96.0
11,2,OD,4,5,13,7.0
11,2,OD,4,5,14,17.0
11,2,OD,4,5,15,15.0
11,2,OD,4,5,16,36.0
11,2,OD,4,5,17,25.0
11,2,OD,4,5,18,100.0
11,2,OD,4,5,19,65.0
11,2,OD,4,5,20,78.0
11,2,OD,4,5,21,66.0
11,2,OD,4,5,22,42.0
11,2,OD,4,5,23,9.0
11,3,HC,4,4,0,16.0
11,3,HC,4,4,1,123.0
11,3,HC,4,4,2,93.0
11,3,HC,4,4,3,15.0
11,3,HC,4,1,0,16.0
11,3,HC,4,3,0,16.0
11,3,HC,4,3,1,21.0
11,3,HC,4,3,2,156.0
11,3,HC,4,3,3,34.0
11,3,HC,4,3,4,63.0
11,3,HC,4,3,5,244.0
11,3,HC,4,3,6,115.0
11,3,HC,4,3,7,23.0
11,3,HC,4,3,8,36.0
11,3,HC,4,5,0,151.0
11,3,HC,4,5,1,25.0
11,3,HC,4,5,2,117.0
11,3,HC,4,5,3,117.0
11,3,HC,4,5,4,124.0
11,3,HC,4,5,5,32.0
11,3,HC,4,5,6,90.0
11,3,HC,4,5,7,90.0
11,3,HC,4,5,8,22.0
11,3,HC,4,5,9,185.0
11,3,HC,4,5,10,39.0
11,3,HC,4,5,11,51.0
11,3,HC,4,5,12,118.0
11,3,HC,4,2,0,59.0
11,3,HC,4,2,1,215.0
11,3,HC,4,2,2,16.0
11,3,HC,4,2,3,102.0
11,3,HC,4,2,4,54.0
11,3,HC,4,2,5,99.0
11,1,CON,4,1,0,7.0
11,1,CON,4,1,1,23.0
11,1,CON,4,1,2,23.0
11,1,CON,4,2,0,150.0
11,1,CON,4,2,1,52.0
11,1,CON,4,3,0,51.0
11,1,CON,4,3,1,209.0
11,1,CON,4,3,2,24.0
11,1,CON,4,3,3,165.0
11,1,CON,4,5,0,158.0
11,1,CON,4,5,1,5.0
11,1,CON,4,5,2,26.0
11,1,CON,4,5,3,154.0
11,1,CON,4,5,4,36.0
11,1,CON,4,5,5,22.0
11,1,CON,4,5,6,88.0
11,1,CON,4,5,7,9.0
11,1,CON,4,5,8,8.0
11,1,CON,4,5,9,101.0
11,1,CON,4,5,10,9.0
11,1,CON,4,5,11,28.0
11,1,CON,4,5,12,55.0
11,1,CON,4,5,13,115.0
11,1,CON,4,5,14,7.0
11,1,CON,4,5,15,7.0
11,1,CON,4,5,16,168.0
11,1,CON,4,5,17,8.0
11,1,CON,4,5,18,73.0
11,1,CON,4,5,19,10.0
11,1,CON,4,5,20,78.0
11,1,CON,4,5,21,1.0
11,1,CON,4,5,22,65.0
11,1,CON,4,4,0,92.0
11,1,CON,4,4,1,149.0
11,1,CON,4,4,2,35.0
11,1,CON,4,4,3,35.0
11,1,CON,4,4,4,19.0
11,4,OR,4,1,0,47.0
11,4,OR,4,4,0,201.0
11,4,OR,4,4,1,21.0
11,4,OR,4,4,2,190.0
11,4,OR,4,2,0,148.0
11,4,OR,4,2,1,30.0
11,4,OR,4,2,2,53.0
11,4,OR,4,5,0,70.0
11,4,OR,4,5,1,110.0
11,4,OR,4,5,2,33.0
11,4,OR,4,5,3,217.0
11,4,OR,4,5,4,264.0
11,4,OR,4,5,5,20.0
11,4,OR,4,5,6,139.0
11,4,OR,4,5,7,39.0
11,4,OR,4,5,8,13.0
11,4,OR,4,5,9,47.0
11,4,OR,4,5,10,208.0
11,4,OR,4,5,11,5.0
11,4,OR,4,5,12,29.0
11,4,OR,4,5,13,22.0
11,4,OR,4,5,14,76.0
11,4,OR,4,5,15,93.0
11,4,OR,4,5,16,122.0
11,4,OR,4,5,17,12.0
11,4,OR,4,5,18,110.0
11,4,OR,4,3,0,10.0
11,4,OR,4,3,1,164.0
11,4,OR,4,3,2,84.0
11,4,OR,4,3,3,137.0
11,4,OR,4,3,4,65.0
