,rat_id,study_day,condition,treatment,trial_num,total_sleep_duration,total_awake_duration,total_nrem_duration,total_rem_duration,counts_wake,counts_nrem,counts_rem,wake_normalized,nrem_normalized,rem_normalized,nrem_percentage,rem_percentage
0,5,8,HC,0,3,2552.0,136.0,2304.0,201.0,4,4,2,0.050595238095238096,0.8571428571428571,0.07477678571428571,0.9028213166144201,0.07876175548589341
1,5,8,HC,0,1,479.0,2243.0,479.0,0.0,1,1,0,0.8240264511388685,0.17597354886113153,0.0,1.0,0.0
2,5,8,HC,0,2,2549.0,114.0,2090.0,398.0,5,7,4,0.04280886218550507,0.784829140067593,0.14945550131430718,0.8199293840721852,0.15613966261278933
3,5,8,HC,0,4,2190.0,479.0,1783.0,316.0,6,9,5,0.17946796553016112,0.6680404645934807,0.11839640314724616,0.8141552511415525,0.14429223744292238
4,5,8,HC,0,5,5915.0,4928.0,4679.0,864.0,19,23,13,0.45448676565526147,0.4315226413354238,0.07968274462787052,0.791039729501268,0.14606931530008452
5,5,15,HC,0,3,432.0,612.0,432.0,0.0,6,6,0,0.5862068965517241,0.41379310344827586,0.0,1.0,0.0
6,5,15,HC,0,4,0.0,2754.0,0.0,0.0,1,0,0,1.0,0.0,0.0,,
7,5,15,HC,0,5,0.0,1364.0,0.0,0.0,1,0,0,1.0,0.0,0.0,,
8,5,15,HC,0,2,108.0,2589.0,108.0,0.0,3,2,0,0.9599555061179088,0.04004449388209121,0.0,1.0,0.0
9,5,15,HC,0,1,103.0,2617.0,103.0,0.0,3,1,0,0.9621323529411765,0.03786764705882353,0.0,1.0,0.0
10,5,16,OR,1,1,606.0,2084.0,606.0,0.0,6,5,0,0.774721189591078,0.22527881040892192,0.0,1.0,0.0
11,5,16,OR,1,5,7704.0,3177.0,6644.0,854.0,18,22,8,0.2919768403639371,0.6106056428637073,0.078485433324143,0.8624091381100727,0.1108515057113188
12,5,16,OR,1,2,52.0,2642.0,52.0,0.0,3,2,0,0.9806978470675576,0.019302152932442463,0.0,1.0,0.0
13,5,16,OR,1,3,196.0,495.0,196.0,0.0,4,4,0,0.7163531114327062,0.28364688856729375,0.0,1.0,0.0
14,5,16,OR,1,4,1620.0,1065.0,1505.0,90.0,6,5,1,0.39664804469273746,0.5605214152700186,0.0335195530726257,0.9290123456790124,0.05555555555555555
15,5,2,OR,0,4,1662.0,1025.0,1504.0,120.0,5,4,2,0.38146631931522146,0.5597320431708225,0.0446594715295869,0.9049338146811071,0.07220216606498195
16,5,2,OR,0,2,1838.0,829.0,1635.0,127.0,12,11,2,0.31083614548181476,0.6130483689538808,0.047619047619047616,0.8895538628944505,0.0690968443960827
17,5,2,OR,0,5,2453.0,2842.0,2000.0,386.0,9,10,3,0.5367327667610954,0.3777148253068933,0.0728989612842304,0.8153281695882593,0.15735833673053404
18,5,2,OR,0,3,1355.0,989.0,1128.0,188.0,6,5,3,0.42192832764505117,0.4812286689419795,0.08020477815699659,0.8324723247232473,0.13874538745387455
19,5,2,OR,0,1,1244.0,1440.0,1104.0,89.0,7,6,1,0.5365126676602087,0.4113263785394933,0.03315946348733234,0.887459807073955,0.07154340836012862
20,5,1,OR,1,5,2330.0,8418.0,1924.0,314.0,16,17,5,0.7832154819501302,0.17901004838109416,0.029214737625604763,0.8257510729613734,0.13476394849785409
21,5,1,OR,1,1,661.0,2029.0,661.0,0.0,6,5,0,0.754275092936803,0.24572490706319702,0.0,1.0,0.0
22,5,1,OR,1,3,1406.0,1255.0,1268.0,68.0,8,11,2,0.47162720781661027,0.47651258925216083,0.025554302893649003,0.9018492176386913,0.04836415362731152
23,5,1,OR,1,2,996.0,1692.0,996.0,0.0,6,6,0,0.6294642857142857,0.3705357142857143,0.0,1.0,0.0
24,5,1,OR,1,4,1826.0,809.0,1501.0,244.0,12,14,4,0.30702087286527513,0.569639468690702,0.09259962049335864,0.8220153340635268,0.13362541073384446
25,5,3,OD,0,4,2147.0,522.0,1899.0,197.0,17,16,3,0.1955788684900712,0.7115024353690521,0.07381041588609966,0.8844899860270145,0.09175593851886353
26,5,3,OD,0,1,0.0,3592.0,0.0,0.0,1,0,0,1.0,0.0,0.0,,
27,5,3,OD,0,3,1660.0,1034.0,1466.0,112.0,5,4,1,0.3838158871566444,0.5441722345953972,0.041573867854491464,0.8831325301204819,0.06746987951807229
28,5,3,OD,0,2,1488.0,1209.0,1488.0,0.0,5,4,0,0.4482758620689655,0.5517241379310345,0.0,1.0,0.0
29,5,3,OD,0,5,1616.0,8803.0,1468.0,77.0,11,7,1,0.8448987426816393,0.14089643919761974,0.007390344562817929,0.9084158415841584,0.04764851485148515
30,5,14,OR,0,5,1590.0,9195.0,1462.0,71.0,10,9,1,0.8525730180806675,0.13555864626796477,0.006583217431617988,0.919496855345912,0.04465408805031446
31,5,14,OR,0,1,612.0,2080.0,583.0,0.0,4,3,0,0.7726597325408618,0.21656760772659733,0.0,0.9526143790849673,0.0
32,5,14,OR,0,4,1961.0,720.0,1695.0,249.0,6,7,3,0.26855650876538606,0.6322267810518464,0.09287579261469601,0.8643549209586946,0.12697603263641
33,5,14,OR,0,2,1708.0,973.0,1587.0,99.0,11,10,1,0.3629242819843342,0.5919433047370384,0.03692651995524058,0.9291569086651054,0.057962529274004686
34,5,14,OR,0,3,1656.0,1028.0,1438.0,200.0,7,6,2,0.3830104321907601,0.5357675111773472,0.07451564828614009,0.8683574879227053,0.12077294685990338
35,5,4,HC,0,2,1883.0,1001.0,1638.0,183.0,11,13,3,0.3470873786407767,0.5679611650485437,0.06345353675450763,0.8698884758364313,0.09718534253850239
36,5,4,HC,0,5,6770.0,3882.0,5074.0,1240.0,26,36,16,0.3644386030792339,0.47634247089748405,0.11641006383777694,0.7494830132939438,0.1831610044313146
37,5,4,HC,0,4,2331.0,327.0,1973.0,243.0,6,9,4,0.12302483069977427,0.7422874341610233,0.09142212189616253,0.8464178464178465,0.10424710424710425
38,5,4,HC,0,1,1926.0,741.0,1637.0,243.0,12,12,2,0.2778402699662542,0.613798275215598,0.09111361079865017,0.8499480789200415,0.1261682242990654
39,5,4,HC,0,3,1925.0,741.0,1510.0,350.0,5,9,3,0.2779444861215304,0.5663915978994749,0.1312828207051763,0.7844155844155845,0.18181818181818182
40,5,5,OD,1,5,5473.0,5180.0,4440.0,712.0,45,52,15,0.48624800525673517,0.416784004505773,0.06683563315497981,0.8112552530604787,0.13009318472501372
41,5,5,OD,1,1,1153.0,1526.0,1153.0,0.0,7,7,0,0.5696155281821575,0.43038447181784245,0.0,1.0,0.0
42,5,5,OD,1,2,1548.0,1118.0,1411.0,94.0,8,9,2,0.41935483870967744,0.5292573143285821,0.035258814703675916,0.911498708010336,0.060723514211886306
43,5,5,OD,1,3,2123.0,547.0,1766.0,197.0,11,10,4,0.20486891385767791,0.6614232209737828,0.07378277153558052,0.8318417333961375,0.09279321714554875
44,5,5,OD,1,4,2168.0,502.0,1826.0,171.0,10,9,2,0.18801498127340824,0.6838951310861423,0.06404494382022471,0.8422509225092251,0.07887453874538745
45,5,17,HC,1,1,26.0,2670.0,26.0,0.0,2,1,0,0.9903560830860534,0.009643916913946587,0.0,1.0,0.0
46,5,17,HC,1,2,287.0,2410.0,287.0,0.0,4,3,0,0.8935854653318502,0.10641453466814979,0.0,1.0,0.0
47,5,17,HC,1,4,463.0,2228.0,463.0,0.0,5,5,0,0.8279450018580453,0.17205499814195466,0.0,1.0,0.0
48,5,17,HC,1,5,6562.0,4183.0,5707.0,649.0,20,18,7,0.3892973476035365,0.531130758492322,0.060400186133085156,0.8697043584273088,0.09890277354465102
49,5,17,HC,1,3,322.0,2376.0,322.0,0.0,2,1,0,0.8806523350630097,0.11934766493699037,0.0,1.0,0.0
50,5,7,HC,1,3,2244.0,435.0,1672.0,460.0,3,6,2,0.1623740201567749,0.624113475177305,0.17170586039567,0.7450980392156863,0.20499108734402852
51,5,7,HC,1,2,1933.0,750.0,1548.0,308.0,4,6,3,0.2795378307864331,0.5769660827431979,0.1147968691762952,0.8008277289187791,0.15933781686497672
52,5,7,HC,1,4,2391.0,251.0,2086.0,269.0,8,12,3,0.09500378501135504,0.789553368660106,0.10181680545041635,0.8724383103304056,0.11250522793810121
53,5,7,HC,1,5,5421.0,5291.0,4291.0,830.0,18,27,11,0.49393203883495146,0.40057879014189696,0.07748319641523525,0.7915513742851872,0.15310828260468548
54,5,7,HC,1,1,1227.0,1161.0,1200.0,0.0,5,5,0,0.4861809045226131,0.5025125628140703,0.0,0.9779951100244498,0.0
55,5,6,HC,1,2,2400.0,276.0,2117.0,283.0,10,10,4,0.1031390134529148,0.7911061285500748,0.10575485799701047,0.8820833333333333,0.11791666666666667
56,5,6,HC,1,1,581.0,2113.0,581.0,0.0,3,3,0,0.7843355605048256,0.21566443949517447,0.0,1.0,0.0
57,5,6,HC,1,3,1423.0,1260.0,1220.0,125.0,7,6,2,0.4696235557212076,0.45471487141259787,0.04658963846440552,0.8573436401967673,0.08784258608573436
58,5,6,HC,1,5,4739.0,5977.0,4220.0,368.0,20,24,5,0.5577640910787607,0.39380365808137363,0.03434117207913401,0.8904832243089259,0.07765351339945135
59,5,6,HC,1,4,1862.0,898.0,1566.0,249.0,8,12,2,0.3253623188405797,0.5673913043478261,0.09021739130434783,0.841031149301826,0.13372717508055854
60,3,6,OD,1,2,1626.0,1053.0,1438.0,92.0,7,10,1,0.393057110862262,0.5367674505412467,0.03434117207913401,0.8843788437884379,0.056580565805658053
61,3,6,OD,1,4,1872.0,797.0,1557.0,204.0,10,11,4,0.298613713001124,0.5833645560134882,0.07643312101910828,0.8317307692307693,0.10897435897435898
62,3,6,OD,1,5,5742.0,4912.0,4203.0,944.0,42,54,17,0.46104749389900507,0.39449971841561854,0.08860521869720293,0.731974921630094,0.16440264716126785
63,3,6,OD,1,3,1859.0,818.0,1582.0,175.0,5,10,2,0.3055659320134479,0.5909600298841987,0.0653716847217034,0.8509951586874663,0.09413663259817107
64,3,6,OD,1,1,1784.0,886.0,1484.0,236.0,11,12,2,0.3318352059925094,0.5558052434456929,0.08838951310861423,0.8318385650224215,0.13228699551569506
65,3,7,HC,1,2,1254.0,1434.0,1125.0,89.0,5,5,1,0.5334821428571429,0.4185267857142857,0.03311011904761905,0.8971291866028708,0.07097288676236045
66,3,7,HC,1,3,1957.0,714.0,1704.0,151.0,12,11,2,0.26731561213028826,0.6379633096218644,0.056533133657806066,0.8707204905467553,0.07715891670924885
67,3,7,HC,1,5,4233.0,6517.0,3442.0,515.0,19,18,7,0.6062325581395349,0.3201860465116279,0.04790697674418604,0.8131348925112214,0.12166312308055753
68,3,7,HC,1,1,19.0,2678.0,19.0,0.0,2,1,0,0.992955135335558,0.0070448646644419724,0.0,1.0,0.0
69,3,7,HC,1,4,1727.0,944.0,1353.0,283.0,11,10,4,0.35342568326469487,0.5065518532384875,0.10595282665668289,0.7834394904458599,0.16386797915460335
70,3,2,HC,0,2,849.0,1842.0,816.0,0.0,5,4,0,0.6845039018952063,0.3032329988851728,0.0,0.9611307420494699,0.0
71,3,2,HC,0,4,1171.0,1521.0,941.0,161.0,4,4,2,0.5650074294205052,0.34955423476968794,0.05980683506686479,0.8035866780529461,0.13748932536293765
72,3,2,HC,0,5,4266.0,6475.0,3247.0,617.0,24,21,6,0.602830276510567,0.30229959966483566,0.05744344102038916,0.7611345522737928,0.14463197374589778
73,3,2,HC,0,3,1267.0,1420.0,1109.0,119.0,6,6,1,0.5284704131001117,0.41272794938593227,0.044287309266840345,0.8752959747434885,0.09392265193370165
74,3,2,HC,0,1,215.0,2479.0,215.0,0.0,2,3,0,0.9201930215293245,0.07980697847067557,0.0,1.0,0.0
75,3,17,HC,0,1,0.0,2702.0,0.0,0.0,1,0,0,1.0,0.0,0.0,,
76,3,17,HC,0,5,5587.0,5122.0,4531.0,558.0,33,33,9,0.47828928938276216,0.4231020636847511,0.052105705481370806,0.8109897977447647,0.09987470914623232
77,3,17,HC,0,4,2158.0,530.0,1875.0,185.0,4,4,2,0.19717261904761904,0.6975446428571429,0.06882440476190477,0.8688600556070436,0.08572752548656164
78,3,17,HC,0,3,1466.0,1210.0,1243.0,117.0,10,10,1,0.4521674140508221,0.46449925261584457,0.043721973094170405,0.8478854024556617,0.07980900409276943
79,3,17,HC,0,2,0.0,2699.0,0.0,0.0,1,0,0,1.0,0.0,0.0,,
80,3,9,HC,1,2,625.0,2064.0,612.0,0.0,5,6,0,0.7675715879509111,0.22759390107846783,0.0,0.9792,0.0
81,3,9,HC,1,1,0.0,2697.0,0.0,0.0,1,0,0,1.0,0.0,0.0,,
82,3,9,HC,1,4,1717.0,973.0,1515.0,202.0,5,4,2,0.36171003717472117,0.5631970260223048,0.07509293680297398,0.8823529411764706,0.11764705882352941
83,3,9,HC,1,5,5346.0,5377.0,4625.0,421.0,21,28,15,0.5014454910006528,0.4313158630980136,0.03926140072740837,0.865132809577254,0.07875046763935653
84,3,9,HC,1,3,1141.0,1552.0,1051.0,90.0,3,3,1,0.5763089491273673,0.3902710731526179,0.03341997772001486,0.9211218229623137,0.07887817703768624
85,3,8,HC,0,2,794.0,1898.0,794.0,0.0,4,4,0,0.7050520059435365,0.2949479940564636,0.0,1.0,0.0
86,3,8,HC,0,4,2096.0,582.0,1646.0,360.0,8,8,3,0.2173263629574309,0.614637789395071,0.1344286781179985,0.7853053435114504,0.1717557251908397
87,3,8,HC,0,1,0.0,2699.0,0.0,0.0,1,0,0,1.0,0.0,0.0,,
88,3,8,HC,0,5,7030.0,3695.0,5531.0,963.0,26,23,10,0.3445221445221445,0.5157109557109557,0.0897902097902098,0.7867709815078237,0.13698435277382645
89,3,8,HC,0,3,1317.0,1364.0,1046.0,163.0,8,7,3,0.5087653860499813,0.39015292801193585,0.060798209623274896,0.7942293090356871,0.12376613515565679
90,3,4,OD,0,3,1785.0,897.0,1626.0,135.0,7,6,2,0.3344519015659955,0.6062639821029083,0.050335570469798654,0.9109243697478991,0.07563025210084033
91,3,4,OD,0,4,1758.0,923.0,1513.0,135.0,9,8,3,0.3442745244311824,0.5643416635583738,0.050354345393509886,0.8606370875995449,0.07679180887372014
92,3,4,OD,0,5,5519.0,5205.0,4083.0,911.0,25,21,14,0.48535994032077584,0.38073480044759417,0.08494964565460648,0.7398079362203298,0.16506613516941476
93,3,4,OD,0,2,43.0,2654.0,43.0,0.0,2,1,0,0.9840563589173156,0.015943641082684465,0.0,1.0,0.0
94,3,4,OD,0,1,0.0,2699.0,0.0,0.0,1,0,0,1.0,0.0,0.0,,
95,3,1,OR,1,5,5538.0,5192.0,4639.0,577.0,26,25,8,0.4838769804287046,0.43233923578751166,0.0537744641192917,0.8376670278078728,0.10418923799205489
96,3,1,OR,1,3,693.0,2004.0,693.0,0.0,2,1,0,0.743047830923248,0.25695216907675195,0.0,1.0,0.0
97,3,1,OR,1,1,668.0,2024.0,668.0,0.0,4,3,0,0.7518573551263001,0.24814264487369986,0.0,1.0,0.0
98,3,1,OR,1,2,284.0,2408.0,284.0,0.0,4,3,0,0.8945022288261516,0.10549777117384844,0.0,1.0,0.0
99,3,1,OR,1,4,1594.0,1085.0,1464.0,78.0,9,9,1,0.4050018663680478,0.5464725643896976,0.029115341545352745,0.918444165621079,0.04893350062735257
100,3,5,HC,0,2,283.0,2403.0,283.0,0.0,7,6,0,0.8946388682055101,0.10536113179448994,0.0,1.0,0.0
101,3,5,HC,0,1,981.0,1702.0,912.0,45.0,8,7,1,0.6343645173313455,0.33991800223630264,0.016772269847185987,0.9296636085626911,0.045871559633027525
102,3,5,HC,0,5,6866.0,3839.0,5324.0,865.0,33,31,11,0.35861746847267634,0.497337692666978,0.08080336291452592,0.775415088843577,0.12598310515584038
103,3,5,HC,0,3,0.0,2699.0,0.0,0.0,1,0,0,1.0,0.0,0.0,,
104,3,5,HC,0,4,0.0,2699.0,0.0,0.0,1,0,0,1.0,0.0,0.0,,
105,3,3,OR,0,5,5320.0,5397.0,3964.0,921.0,31,23,12,0.503592423252776,0.3698796304936083,0.08593822898199123,0.7451127819548872,0.1731203007518797
106,3,3,OR,0,4,1931.0,745.0,1649.0,137.0,8,8,2,0.27840059790732435,0.6162182361733931,0.051195814648729444,0.8539616778871051,0.0709476954945624
107,3,3,OR,0,3,1044.0,1623.0,958.0,45.0,15,14,2,0.608548931383577,0.35920509936257966,0.01687289088863892,0.9176245210727969,0.04310344827586207
108,3,3,OR,0,2,1156.0,1524.0,1024.0,68.0,8,8,1,0.5686567164179105,0.382089552238806,0.025373134328358207,0.8858131487889274,0.058823529411764705
109,3,3,OR,0,1,0.0,2702.0,0.0,0.0,1,0,0,1.0,0.0,0.0,,
110,3,16,OR,1,5,4213.0,6549.0,3439.0,440.0,21,20,7,0.6085300130087344,0.3195502694666419,0.040884593941646535,0.8162829337764064,0.10443864229765012
111,3,16,OR,1,2,0.0,2699.0,0.0,0.0,1,0,0,1.0,0.0,0.0,,
112,3,16,OR,1,3,1513.0,1161.0,1294.0,167.0,11,10,3,0.4341810022438295,0.4839192221391174,0.062453253552729994,0.8552544613350959,0.11037673496364839
113,3,16,OR,1,1,0.0,2699.0,0.0,0.0,1,0,0,1.0,0.0,0.0,,
114,3,16,OR,1,4,1506.0,1185.0,1339.0,94.0,3,3,1,0.4403567447045708,0.4975845410628019,0.03493125232255667,0.8891102257636122,0.06241699867197875
115,4,4,OD,1,5,6253.0,4490.0,5083.0,1110.0,14,11,11,0.41794656985944334,0.47314530391883086,0.10332309410779111,0.8128898128898129,0.17751479289940827
116,4,4,OD,1,1,171.0,2524.0,171.0,0.0,3,2,0,0.9365491651205937,0.06345083487940631,0.0,1.0,0.0
117,4,4,OD,1,3,1226.0,1460.0,1207.0,15.0,6,5,1,0.5435591958302308,0.44936708860759494,0.005584512285927029,0.9845024469820555,0.012234910277324634
118,4,4,OD,1,4,559.0,2134.0,559.0,0.0,4,3,0,0.79242480505013,0.20757519494987003,0.0,1.0,0.0
119,4,4,OD,1,2,904.0,1786.0,904.0,0.0,5,5,0,0.6639405204460966,0.33605947955390336,0.0,1.0,0.0
120,4,5,HC,0,4,890.0,1797.0,770.0,109.0,6,5,1,0.6687755861555639,0.28656494231484925,0.040565686639374765,0.8651685393258427,0.12247191011235956
121,4,5,HC,0,5,3171.0,7602.0,2758.0,375.0,9,9,5,0.7056530214424951,0.25601039636127354,0.03480924533556112,0.869757174392936,0.11825922421948912
122,4,5,HC,0,2,771.0,1918.0,659.0,102.0,5,4,1,0.713276310896244,0.24507251766455931,0.0379323168464113,0.85473411154345,0.13229571984435798
123,4,5,HC,0,3,0.0,2725.0,0.0,0.0,1,0,0,1.0,0.0,0.0,,
124,4,5,HC,0,1,0.0,2701.0,0.0,0.0,1,0,0,1.0,0.0,0.0,,
125,4,17,HC,0,1,322.0,2375.0,322.0,0.0,2,1,0,0.8806080830552465,0.11939191694475343,0.0,1.0,0.0
126,4,17,HC,0,5,4826.0,5935.0,3972.0,792.0,13,12,8,0.5515286683393736,0.36911067744633397,0.07359910788960133,0.823041856610029,0.1641110650642354
127,4,17,HC,0,4,325.0,2370.0,325.0,0.0,3,2,0,0.8794063079777366,0.12059369202226346,0.0,1.0,0.0
128,4,17,HC,0,3,1194.0,1493.0,1094.0,94.0,6,5,1,0.5556382582806103,0.40714551544473393,0.034983252698176405,0.916247906197655,0.07872696817420435
129,4,17,HC,0,2,354.0,2344.0,354.0,0.0,2,1,0,0.8687916975537435,0.13120830244625648,0.0,1.0,0.0
130,4,9,HC,0,4,1788.0,920.0,1415.0,353.0,3,3,3,0.3397341211225997,0.5225258493353028,0.13035450516986707,0.7913870246085011,0.19742729306487697
131,4,9,HC,0,2,609.0,2095.0,609.0,0.0,2,1,0,0.7747781065088757,0.22522189349112426,0.0,1.0,0.0
132,4,9,HC,0,5,4806.0,5950.0,4059.0,667.0,13,13,9,0.5531796206768316,0.3773707698029007,0.06201190033469691,0.8445692883895131,0.13878485226799833
133,4,9,HC,0,1,0.0,2700.0,0.0,0.0,1,0,0,1.0,0.0,0.0,,
134,4,9,HC,0,3,1617.0,1074.0,1482.0,123.0,4,3,1,0.399108138238573,0.5507246376811594,0.045707915273132664,0.9165120593692022,0.07606679035250463
135,4,3,OR,1,2,634.0,2058.0,634.0,0.0,4,3,0,0.7644873699851411,0.23551263001485884,0.0,1.0,0.0
136,4,3,OR,1,5,5177.0,5582.0,4408.0,724.0,13,12,8,0.5188214518077888,0.40970350404312667,0.06729249930290919,0.8514583735754297,0.13984933359088275
137,4,3,OR,1,3,1800.0,882.0,1515.0,279.0,7,6,2,0.3288590604026846,0.5648769574944071,0.1040268456375839,0.8416666666666667,0.155
138,4,3,OR,1,1,301.0,2396.0,301.0,0.0,2,1,0,0.8883945124212087,0.11160548757879125,0.0,1.0,0.0
139,4,3,OR,1,4,1944.0,744.0,1791.0,145.0,5,5,1,0.2767857142857143,0.6662946428571429,0.053943452380952384,0.9212962962962963,0.07458847736625514
140,4,7,HC,1,3,97.0,2600.0,97.0,0.0,2,1,0,0.96403411197627,0.03596588802373007,0.0,1.0,0.0
141,4,7,HC,1,4,1495.0,1197.0,1361.0,124.0,3,3,1,0.44465081723625555,0.5055720653789004,0.04606240713224369,0.9103678929765886,0.08294314381270904
142,4,7,HC,1,5,5418.0,5327.0,4317.0,997.0,16,15,11,0.49576547231270357,0.40176826430898094,0.0927873429502094,0.7967884828349945,0.18401624215577703
143,4,7,HC,1,1,482.0,2209.0,482.0,0.0,5,4,0,0.8208844295800818,0.17911557041991824,0.0,1.0,0.0
144,4,7,HC,1,2,858.0,1839.0,858.0,0.0,2,1,0,0.681868743047831,0.3181312569521691,0.0,1.0,0.0
145,4,2,HC,0,3,937.0,1754.0,915.0,18.0,4,4,1,0.651802303976217,0.34002229654403565,0.006688963210702341,0.9765208110992529,0.0192102454642476
146,4,2,HC,0,2,667.0,2018.0,503.0,142.0,6,5,2,0.7515828677839851,0.18733705772811918,0.05288640595903166,0.7541229385307346,0.2128935532233883
147,4,2,HC,0,4,119.0,2579.0,119.0,0.0,2,1,0,0.9558932542624166,0.04410674573758339,0.0,1.0,0.0
148,4,2,HC,0,5,2006.0,8766.0,1817.0,179.0,13,12,2,0.8137764574823617,0.16867805421463053,0.01661715558856294,0.9057826520438684,0.08923230309072781
149,4,2,HC,0,1,951.0,1743.0,880.0,57.0,2,2,1,0.6469933184855234,0.3266518188567186,0.021158129175946547,0.92534174553102,0.05993690851735016
150,4,6,OD,0,4,1251.0,1436.0,1094.0,131.0,4,3,3,0.5344250093040566,0.40714551544473393,0.04875325641979903,0.8745003996802558,0.10471622701838529
151,4,6,OD,0,3,2082.0,603.0,1816.0,243.0,5,4,3,0.2245810055865922,0.6763500931098696,0.09050279329608939,0.8722382324687801,0.11671469740634005
152,4,6,OD,0,5,4886.0,5866.0,3925.0,876.0,15,14,10,0.5455729166666666,0.3650483630952381,0.08147321428571429,0.8033155955792058,0.17928776094965207
153,4,6,OD,0,2,1504.0,1187.0,1386.0,113.0,4,3,1,0.44109996283909325,0.5150501672240803,0.041991824600520256,0.9215425531914894,0.07513297872340426
154,4,6,OD,0,1,0.0,2699.0,0.0,0.0,1,0,0,1.0,0.0,0.0,,
155,4,8,HC,1,1,127.0,2570.0,127.0,0.0,2,1,0,0.9529106414534668,0.047089358546533185,0.0,1.0,0.0
156,4,8,HC,1,5,4958.0,5801.0,4071.0,785.0,12,11,9,0.5391765033925086,0.37838089041732503,0.07296217120550237,0.8210972166196047,0.15832997176280758
157,4,8,HC,1,2,167.0,2530.0,167.0,0.0,2,1,0,0.9380793474230626,0.06192065257693734,0.0,1.0,0.0
158,4,8,HC,1,4,1745.0,932.0,1497.0,212.0,9,8,3,0.3481509152035861,0.559208068733657,0.07919312663429212,0.8578796561604585,0.12148997134670488
159,4,8,HC,1,3,0.0,2699.0,0.0,0.0,1,0,0,1.0,0.0,0.0,,
160,4,16,OR,0,3,758.0,1937.0,758.0,0.0,3,2,0,0.7187384044526902,0.28126159554730984,0.0,1.0,0.0
161,4,16,OR,0,2,332.0,2365.0,332.0,0.0,2,1,0,0.8769002595476455,0.12309974045235447,0.0,1.0,0.0
162,4,16,OR,0,5,4987.0,5759.0,4184.0,725.0,17,16,12,0.5359203424530058,0.3893541782989019,0.06746696445188907,0.8389813515139363,0.14537798275516342
163,4,16,OR,0,1,0.0,2699.0,0.0,0.0,1,0,0,1.0,0.0,0.0,,
164,4,16,OR,0,4,1625.0,1063.0,1529.0,85.0,4,4,2,0.39546130952380953,0.5688244047619048,0.03162202380952381,0.940923076923077,0.052307692307692305
165,4,1,OR,0,1,38.0,2659.0,38.0,0.0,2,1,0,0.985910270671116,0.014089729328883945,0.0,1.0,0.0
166,4,1,OR,0,5,5435.0,5277.0,4413.0,785.0,26,27,11,0.49262509335324867,0.4119678864824496,0.0732823002240478,0.8119595216191352,0.14443422263109476
167,4,1,OR,0,3,426.0,2264.0,426.0,0.0,5,4,0,0.841635687732342,0.158364312267658,0.0,1.0,0.0
168,4,1,OR,0,4,1069.0,1620.0,1069.0,0.0,6,5,0,0.6024544440312384,0.3975455559687616,0.0,1.0,0.0
169,4,1,OR,0,2,204.0,2487.0,188.0,0.0,4,4,0,0.9241917502787068,0.06986250464511334,0.0,0.9215686274509803,0.0
170,9,4,CON,2,4,2102.0,565.0,1752.0,327.0,12,11,5,0.2118485189351331,0.6569178852643419,0.12260967379077616,0.8334919124643198,0.1555661274976213
171,9,4,CON,2,3,2178.0,496.0,1798.0,307.0,9,9,3,0.1854899027673897,0.6724008975317876,0.11480927449513836,0.8255280073461891,0.14095500459136823
172,9,4,CON,2,2,1630.0,1056.0,1368.0,251.0,4,4,3,0.39314966492926284,0.509307520476545,0.09344750558451229,0.8392638036809816,0.1539877300613497
173,9,4,CON,2,5,5266.0,5458.0,4141.0,1025.0,26,27,12,0.5089518836255129,0.3861432301380082,0.09558000745990303,0.7863653627041398,0.19464489175845043
174,9,4,CON,2,1,746.0,1940.0,738.0,0.0,7,6,0,0.7222635889798957,0.27475800446760984,0.0,0.9892761394101877,0.0
175,4,3,CON,3,1,1832.0,831.0,1649.0,108.0,14,14,3,0.3120540743522343,0.6192264363499812,0.040555764175741645,0.9001091703056768,0.05895196506550218
176,4,3,CON,3,2,1769.0,886.0,1380.0,305.0,13,13,8,0.3337099811676083,0.519774011299435,0.11487758945386065,0.7801017524024872,0.1724137931034483
177,4,3,CON,3,3,2244.0,405.0,1847.0,330.0,18,19,7,0.15288788221970556,0.6972442431106077,0.1245753114382786,0.8230837789661319,0.14705882352941177
178,4,3,CON,3,4,1951.0,699.0,1554.0,275.0,16,19,7,0.2637735849056604,0.5864150943396227,0.10377358490566038,0.796514607893388,0.14095335725269093
179,4,3,CON,3,5,6253.0,4337.0,4792.0,1198.0,72,77,27,0.4095372993389991,0.45250236071765815,0.11312559017941454,0.7663521509675356,0.1915880377418839
180,3,5,CON,3,4,2046.0,606.0,1634.0,390.0,20,19,4,0.22850678733031674,0.6161387631975868,0.14705882352941177,0.7986314760508308,0.1906158357771261
181,3,5,CON,3,1,1321.0,1343.0,1216.0,99.0,18,17,3,0.5041291291291291,0.45645645645645644,0.037162162162162164,0.9205147615442847,0.07494322482967448
182,3,5,CON,3,3,1837.0,865.0,1387.0,422.0,17,15,6,0.3201332346410067,0.5133234641006662,0.15618060695780903,0.7550353837778987,0.22972237343494828
183,3,5,CON,3,5,4393.0,6285.0,3471.0,805.0,45,46,14,0.5885933695448586,0.32506087282262597,0.07538864955984266,0.7901206464830413,0.18324607329842932
184,3,5,CON,3,2,1534.0,1134.0,1325.0,201.0,14,13,2,0.4250374812593703,0.49662668665667165,0.07533733133433283,0.863754889178618,0.13102998696219034
185,1,1,CON,2,4,2040.0,620.0,1734.0,214.0,19,19,5,0.23308270676691728,0.6518796992481203,0.08045112781954887,0.85,0.10490196078431373
186,1,1,CON,2,3,1564.0,1127.0,1542.0,0.0,4,4,0,0.4188034188034188,0.5730211817168339,0.0,0.9859335038363172,0.0
187,1,1,CON,2,2,685.0,2008.0,674.0,7.0,3,4,1,0.7456368362421092,0.2502784998143335,0.0025993316004456,0.983941605839416,0.010218978102189781
188,1,1,CON,2,1,0.0,2698.0,0.0,0.0,1,0,0,1.0,0.0,0.0,,
189,1,1,CON,2,5,4230.0,6440.0,3780.0,276.0,66,67,7,0.6035613870665417,0.3542642924086223,0.025866916588566075,0.8936170212765957,0.06524822695035461
190,8,4,CON,3,5,4137.0,6573.0,3022.0,970.0,31,30,12,0.6137254901960785,0.28216619981325863,0.09056956115779645,0.7304810248972685,0.23446942228668116
191,8,4,CON,3,3,1890.0,790.0,1668.0,196.0,10,9,3,0.2947761194029851,0.6223880597014926,0.07313432835820896,0.8825396825396825,0.1037037037037037
192,8,4,CON,3,4,2067.0,601.0,1633.0,394.0,10,9,6,0.2252623688155922,0.6120689655172413,0.14767616191904048,0.7900338655055636,0.19061441702951137
193,8,4,CON,3,1,1087.0,1597.0,1046.0,22.0,9,8,1,0.5950074515648286,0.3897168405365127,0.00819672131147541,0.9622815087396505,0.020239190432382703
194,8,4,CON,3,2,1478.0,1195.0,1088.0,380.0,11,10,3,0.44706322484100264,0.4070332959221848,0.1421623643845866,0.7361299052774019,0.2571041948579161
195,6,3,CON,2,3,1373.0,1309.0,1219.0,154.0,6,5,1,0.48806860551826997,0.4545115585384042,0.05741983594332588,0.887836853605244,0.11216314639475601
196,6,3,CON,2,5,7195.0,3478.0,5811.0,1247.0,56,56,18,0.32586901527218215,0.5444579780755177,0.11683687810362597,0.8076441973592773,0.17331480194579568
197,6,3,CON,2,1,0.0,2696.0,0.0,0.0,1,0,0,1.0,0.0,0.0,,
198,6,3,CON,2,4,1520.0,1161.0,1387.0,119.0,8,8,2,0.433047370384185,0.5173442745244312,0.044386422976501305,0.9125,0.07828947368421052
199,6,3,CON,2,2,331.0,2351.0,331.0,0.0,7,6,0,0.8765846383296048,0.12341536167039523,0.0,1.0,0.0
200,7,3,CON,3,4,1969.0,694.0,1482.0,424.0,14,14,3,0.26060833646263615,0.5565152084115659,0.15921892602328203,0.7526663280853225,0.21533773489080751
201,7,3,CON,3,2,1473.0,1210.0,1367.0,92.0,7,7,1,0.4509877003354454,0.5095042862467387,0.03428997390980246,0.9280380176510523,0.062457569585879155
202,7,3,CON,3,1,159.0,2530.0,159.0,0.0,5,4,0,0.9408702119747118,0.05912978802528821,0.0,1.0,0.0
203,7,3,CON,3,3,1495.0,1188.0,1250.0,200.0,6,5,3,0.44278792396571004,0.46589638464405514,0.07454342154304883,0.8361204013377926,0.13377926421404682
204,7,3,CON,3,5,4038.0,6662.0,3117.0,789.0,33,32,11,0.6226168224299066,0.29130841121495327,0.07373831775700934,0.7719167904903418,0.19539375928677563
205,2,3,CON,2,1,1443.0,1229.0,1251.0,148.0,10,8,4,0.45995508982035926,0.468188622754491,0.05538922155688623,0.8669438669438669,0.10256410256410256
206,2,3,CON,2,2,2082.0,797.0,1800.0,224.0,19,19,9,0.27683223341438,0.6252170892671066,0.07780479333101771,0.8645533141210374,0.10758885686839577
207,2,3,CON,2,3,1836.0,802.0,1491.0,291.0,21,20,8,0.30401819560272936,0.5652009097801365,0.11031084154662624,0.8120915032679739,0.15849673202614378
208,2,3,CON,2,4,756.0,1916.0,717.0,36.0,12,11,2,0.7170658682634731,0.26833832335329344,0.01347305389221557,0.9484126984126984,0.047619047619047616
209,2,3,CON,2,5,1820.0,8912.0,1612.0,198.0,30,30,5,0.8304137159895639,0.1502049944092434,0.018449496831904586,0.8857142857142857,0.1087912087912088
210,9,3,OR,2,3,2340.0,329.0,1887.0,431.0,11,11,5,0.12326714125140502,0.7070063694267515,0.16148370176095916,0.8064102564102564,0.1841880341880342
211,9,3,OR,2,2,2075.0,647.0,1858.0,191.0,7,6,2,0.23769287288758267,0.6825863335782513,0.07016899338721529,0.895421686746988,0.09204819277108434
212,9,3,OR,2,4,2124.0,558.0,1724.0,376.0,12,11,3,0.2080536912751678,0.6428038777032066,0.1401938851603281,0.8116760828625236,0.17702448210922786
213,9,3,OR,2,1,1826.0,897.0,1678.0,96.0,6,6,1,0.3294160852001469,0.6162320969518913,0.03525523319867793,0.91894852135816,0.05257393209200438
214,9,3,OR,2,5,3129.0,7608.0,2534.0,515.0,22,22,9,0.7085778150321319,0.23600633324019746,0.047964980907143524,0.8098434004474273,0.16458932566315115
215,2,2,OR,2,1,484.0,2197.0,484.0,0.0,9,9,0,0.8194703468854905,0.18052965311450953,0.0,1.0,0.0
216,2,2,OR,2,3,1796.0,879.0,1564.0,222.0,9,8,4,0.3285981308411215,0.5846728971962617,0.08299065420560747,0.8708240534521158,0.12360801781737193
217,2,2,OR,2,2,1731.0,926.0,1597.0,92.0,13,14,4,0.34851336093338353,0.6010538200978547,0.03462551750094091,0.9225880993645291,0.05314846909300982
218,2,2,OR,2,4,1884.0,777.0,1632.0,211.0,15,15,5,0.2919954904171364,0.6133032694475761,0.079293498684705,0.8662420382165605,0.11199575371549894
219,2,2,OR,2,5,5364.0,5311.0,4675.0,664.0,52,53,13,0.4975175644028103,0.4379391100702576,0.062201405152224824,0.8715510812826249,0.12378821774794929
220,3,3,OR,3,5,3733.0,6991.0,3132.0,537.0,31,31,6,0.6519022752704214,0.29205520328235735,0.05007459903021261,0.8390034824537905,0.14385212965443342
221,3,3,OR,3,3,785.0,1887.0,686.0,93.0,12,12,1,0.7062125748502994,0.25673652694610777,0.03480538922155688,0.8738853503184714,0.11847133757961784
222,3,3,OR,3,2,1156.0,1519.0,990.0,166.0,11,10,2,0.5678504672897197,0.37009345794392523,0.06205607476635514,0.856401384083045,0.14359861591695502
223,3,3,OR,3,1,1012.0,1649.0,1000.0,0.0,17,16,0,0.6196918451709883,0.37579857196542654,0.0,0.9881422924901185,0.0
224,3,3,OR,3,4,1242.0,1427.0,1109.0,127.0,14,13,2,0.5346571749718996,0.41551142750093667,0.04758336455601349,0.892914653784219,0.10225442834138486
225,8,2,OR,3,2,1165.0,1496.0,1082.0,71.0,18,18,1,0.562194663660278,0.4066140548665915,0.026681698609545283,0.9287553648068669,0.06094420600858369
226,8,2,OR,3,4,1819.0,852.0,1417.0,346.0,10,10,5,0.3189816548109322,0.5305129165106701,0.12953949831523773,0.7789994502473887,0.1902144035184167
227,8,2,OR,3,5,4370.0,4981.0,3250.0,988.0,40,37,10,0.5326703026414287,0.34755641107902896,0.1056571489680248,0.7437070938215103,0.22608695652173913
228,8,2,OR,3,1,27.0,2665.0,27.0,0.0,3,2,0,0.9899702823179792,0.010029717682020803,0.0,1.0,0.0
229,8,2,OR,3,3,1712.0,957.0,1364.0,277.0,12,12,3,0.35856125889846385,0.511052828774822,0.10378418883476957,0.7967289719626168,0.16179906542056074
230,6,2,OR,2,2,877.0,1809.0,877.0,0.0,7,6,0,0.6734921816827997,0.32650781831720027,0.0,1.0,0.0
231,6,2,OR,2,1,86.0,2604.0,86.0,0.0,5,4,0,0.9680297397769517,0.03197026022304833,0.0,1.0,0.0
232,6,2,OR,2,3,1672.0,1010.0,1415.0,252.0,8,7,2,0.37658463832960476,0.5275913497390008,0.09395973154362416,0.8462918660287081,0.1507177033492823
233,6,2,OR,2,4,1527.0,1139.0,1230.0,297.0,15,14,2,0.427231807951988,0.46136534133533386,0.11140285071267816,0.8055009823182712,0.1944990176817289
234,6,2,OR,2,5,7881.0,2686.0,6025.0,1767.0,33,32,17,0.25418756506103907,0.5701712879719882,0.16721869972556072,0.7644968912574547,0.2242101256185763
235,7,2,OR,3,3,1390.0,1294.0,1254.0,112.0,6,5,1,0.4821162444113264,0.4672131147540984,0.041728763040238454,0.902158273381295,0.08057553956834532
236,7,2,OR,3,1,21.0,2673.0,21.0,0.0,2,1,0,0.9922048997772829,0.0077951002227171495,0.0,1.0,0.0
237,7,2,OR,3,2,692.0,1999.0,692.0,0.0,6,5,0,0.7428465254552211,0.2571534745447789,0.0,1.0,0.0
238,7,2,OR,3,5,4782.0,5701.0,3979.0,747.0,26,24,9,0.5438328722693885,0.3795669178670228,0.07125822760660117,0.8320786281890422,0.1562107904642409
239,7,2,OR,3,4,1760.0,1159.0,1559.0,187.0,9,8,2,0.3970537855429942,0.5340870161014046,0.06406303528605686,0.8857954545454545,0.10625
240,4,6,OR,3,3,1421.0,1195.0,944.0,421.0,31,32,11,0.4568042813455658,0.36085626911314983,0.16093272171253822,0.6643209007741028,0.2962702322308234
241,4,6,OR,3,5,2739.0,7841.0,1834.0,757.0,86,90,19,0.7411153119092627,0.17334593572778828,0.0715500945179584,0.669587440671778,0.2763782402336619
242,4,6,OR,3,4,680.0,1978.0,548.0,110.0,19,18,2,0.744168547780286,0.20617005267118135,0.04138449962377728,0.8058823529411765,0.16176470588235295
243,4,6,OR,3,2,1684.0,921.0,1181.0,433.0,36,35,11,0.35355086372360844,0.45335892514395393,0.16621880998080615,0.7013064133016627,0.25712589073634207
244,4,6,OR,3,1,1454.0,1188.0,1155.0,268.0,27,27,5,0.44965934897804694,0.4371688115064345,0.10143830431491295,0.7943603851444292,0.1843191196698762
245,1,3,OR,2,4,2020.0,609.0,1620.0,306.0,29,29,5,0.23164701407379232,0.6162038798022061,0.11639406618486116,0.801980198019802,0.15148514851485148
246,1,3,OR,2,1,1563.0,1085.0,1377.0,152.0,19,18,4,0.4097432024169184,0.5200151057401813,0.05740181268882175,0.8809980806142035,0.09724888035828536
247,1,3,OR,2,5,1878.0,8846.0,1758.0,96.0,35,34,4,0.8248787765759045,0.1639313688922044,0.008951883625512868,0.9361022364217252,0.051118210862619806
248,1,3,OR,2,3,1701.0,1070.0,1471.0,213.0,20,20,4,0.3861421869361241,0.5308552869000361,0.0768675568386864,0.8647854203409759,0.12522045855379188
249,1,3,OR,2,2,1670.0,976.0,1541.0,88.0,20,20,4,0.3688586545729403,0.5823885109599395,0.03325774754346183,0.922754491017964,0.05269461077844311
250,7,5,OD,3,5,5767.0,4913.0,4744.0,865.0,41,42,14,0.4600187265917603,0.4441947565543071,0.08099250936329588,0.8226114097451014,0.14999132998092596
251,7,5,OD,3,1,97.0,2604.0,97.0,0.0,2,1,0,0.9640873750462792,0.03591262495372084,0.0,1.0,0.0
252,7,5,OD,3,3,1528.0,1146.0,1234.0,241.0,9,9,3,0.42857142857142855,0.46148092744951386,0.09012715033657442,0.8075916230366492,0.15772251308900523
253,7,5,OD,3,2,117.0,2580.0,117.0,0.0,4,3,0,0.9566184649610678,0.04338153503893215,0.0,1.0,0.0
254,7,5,OD,3,4,2096.0,579.0,1925.0,165.0,9,10,2,0.2164485981308411,0.719626168224299,0.0616822429906542,0.9184160305343512,0.07872137404580153
255,2,1,OD,2,1,102.0,2591.0,102.0,0.0,3,2,0,0.9621240252506499,0.037875974749350165,0.0,1.0,0.0
256,2,1,OD,2,4,1809.0,858.0,1586.0,220.0,13,13,4,0.3217097862767154,0.5946756655418073,0.0824896887889014,0.8767274737423991,0.12161415146489774
257,2,1,OD,2,2,1397.0,1284.0,1300.0,97.0,7,6,2,0.47892577396493846,0.484893696381947,0.03618052965311451,0.9305654974946314,0.06943450250536864
258,2,1,OD,2,3,1056.0,1616.0,967.0,89.0,13,11,1,0.6047904191616766,0.3619011976047904,0.03330838323353293,0.915719696969697,0.08428030303030302
259,2,1,OD,2,5,3442.0,6579.0,3035.0,330.0,23,22,6,0.6565213052589562,0.30286398563017664,0.03293084522502744,0.8817547937245788,0.09587449157466589
260,4,5,OD,3,3,1718.0,609.0,1148.0,527.0,30,28,10,0.2617103566824237,0.4933390631714654,0.22647185217017618,0.6682188591385332,0.30675203725261935
261,4,5,OD,3,4,1798.0,819.0,1146.0,590.0,33,25,15,0.3129537638517386,0.4379059992357661,0.22544898739014138,0.6373748609566184,0.3281423804226919
262,4,5,OD,3,2,1517.0,1109.0,1043.0,440.0,28,30,10,0.4223153084539223,0.3971820258948972,0.16755521706016754,0.6875411997363217,0.2900461437046803
263,4,5,OD,3,1,1368.0,1281.0,974.0,380.0,22,22,4,0.48357870894677235,0.36768591921479804,0.14345035862589656,0.7119883040935673,0.2777777777777778
264,4,5,OD,3,5,2879.0,7653.0,1811.0,1007.0,118,109,30,0.7266426129889859,0.17195214584124574,0.09561336878085834,0.6290378603681834,0.34977422716220913
265,8,6,OD,3,4,1570.0,1100.0,1250.0,272.0,13,12,2,0.41198501872659177,0.4681647940074906,0.10187265917602996,0.7961783439490446,0.1732484076433121
266,8,6,OD,3,3,2045.0,628.0,1589.0,429.0,16,16,5,0.2349420127197905,0.5944631500187055,0.16049382716049382,0.7770171149144254,0.2097799511002445
267,8,6,OD,3,1,1281.0,1381.0,1236.0,36.0,17,16,1,0.5187828700225394,0.46431254695717505,0.013523666416228399,0.9648711943793911,0.02810304449648712
268,8,6,OD,3,5,2753.0,7976.0,2213.0,484.0,30,29,6,0.7434057228073446,0.20626339826638085,0.045111380370957216,0.8038503450780966,0.17580820922629858
269,8,6,OD,3,2,1818.0,845.0,1600.0,171.0,15,16,5,0.3173113030416823,0.6008261359369133,0.0642132932782576,0.8800880088008801,0.09405940594059406
270,9,6,OD,2,5,2815.0,7910.0,2380.0,355.0,30,29,9,0.7375291375291375,0.2219114219114219,0.0331002331002331,0.8454706927175843,0.1261101243339254
271,9,6,OD,2,4,1973.0,697.0,1722.0,238.0,11,12,3,0.26104868913857676,0.6449438202247191,0.08913857677902622,0.8727825646224024,0.12062848454130766
272,9,6,OD,2,3,1639.0,1038.0,1363.0,276.0,10,9,4,0.38774747852073216,0.5091520358610385,0.10310048561822936,0.8316046369737645,0.1683953630262355
273,9,6,OD,2,1,387.0,2293.0,387.0,0.0,9,8,0,0.8555970149253731,0.14440298507462687,0.0,1.0,0.0
274,9,6,OD,2,2,1504.0,1164.0,1429.0,47.0,13,12,3,0.4362818590704648,0.5356071964017991,0.017616191904047975,0.9501329787234043,0.03125
275,6,4,OD,2,3,1008.0,1633.0,885.0,102.0,25,25,2,0.6183263915183642,0.33510034078000756,0.03862173419159409,0.8779761904761905,0.10119047619047619
276,6,4,OD,2,4,679.0,2010.0,633.0,0.0,4,4,0,0.7474897731498699,0.23540349572331723,0.0,0.9322533136966127,0.0
277,6,4,OD,2,2,684.0,1978.0,684.0,0.0,17,16,0,0.7430503380916604,0.2569496619083396,0.0,1.0,0.0
278,6,4,OD,2,5,4457.0,5421.0,3630.0,612.0,50,53,15,0.5487953026928528,0.3674832962138085,0.061955861510427215,0.8144491810634956,0.13731209333632488
279,6,4,OD,2,1,0.0,2694.0,0.0,0.0,1,0,0,1.0,0.0,0.0,,
280,1,2,OD,2,1,1356.0,1315.0,1217.0,109.0,10,9,2,0.49232497192062896,0.45563459378509924,0.040808685885436166,0.8974926253687315,0.0803834808259587
281,1,2,OD,2,2,1367.0,1532.0,1238.0,129.0,17,17,2,0.5284580889962056,0.4270438082097275,0.04449810279406692,0.9056327724945136,0.09436722750548647
282,1,2,OD,2,4,822.0,1861.0,790.0,27.0,15,14,1,0.6936265374580693,0.2944465150950429,0.01006336190831159,0.9610705596107056,0.032846715328467155
283,1,2,OD,2,3,938.0,1729.0,780.0,124.0,11,10,4,0.6482939632545932,0.2924634420697413,0.046494188226471694,0.8315565031982942,0.13219616204690832
284,1,2,OD,2,5,2539.0,8177.0,2249.0,244.0,38,37,5,0.7630645763344531,0.20987308697275103,0.02276969018290407,0.8857818038597873,0.09610082709728239
285,3,1,OD,3,2,644.0,2015.0,643.0,1.0,18,17,1,0.7578036855960888,0.2418202331703648,0.000376081233546446,0.9984472049689441,0.0015527950310559005
286,3,1,OD,3,5,3092.0,7636.0,2561.0,386.0,30,29,11,0.7117822520507084,0.23872110365398955,0.03598061148396719,0.8282664941785253,0.12483829236739974
287,3,1,OD,3,4,0.0,2697.0,0.0,0.0,1,0,0,1.0,0.0,0.0,,
288,3,1,OD,3,1,447.0,2217.0,447.0,0.0,16,15,0,0.8322072072072072,0.1677927927927928,0.0,1.0,0.0
289,7,1,HC,3,4,1955.0,704.0,1537.0,351.0,17,17,3,0.264761188416698,0.5780368559608875,0.13200451297480256,0.7861892583120205,0.179539641943734
290,7,1,HC,3,1,1415.0,1639.0,1339.0,58.0,12,11,1,0.5366732154551408,0.4384413883431565,0.01899148657498363,0.9462897526501767,0.04098939929328622
291,7,1,HC,3,5,3267.0,7435.0,2719.0,427.0,37,36,7,0.6947299570173799,0.2540646608110633,0.03989908428331153,0.8322620140801958,0.13070094888276707
292,7,1,HC,3,3,2034.0,634.0,1676.0,327.0,12,12,3,0.2376311844077961,0.6281859070464768,0.12256371814092953,0.823992133726647,0.1607669616519174
293,7,1,HC,3,2,1625.0,1050.0,1388.0,220.0,10,10,3,0.3925233644859813,0.5188785046728972,0.08224299065420561,0.8541538461538462,0.13538461538461538
294,2,4,HC,2,1,1214.0,1457.0,947.0,260.0,12,11,4,0.5454885810557843,0.35454885810557846,0.09734181954324223,0.7800658978583196,0.214168039538715
295,2,4,HC,2,4,1663.0,993.0,1322.0,323.0,17,16,6,0.37387048192771083,0.4977409638554217,0.12161144578313253,0.7949488875526157,0.19422730006013228
296,2,4,HC,2,5,3345.0,7394.0,2797.0,492.0,20,19,14,0.6885184840301704,0.26045255610392026,0.04581432163143682,0.8361733931240658,0.14708520179372198
297,2,4,HC,2,3,1061.0,1639.0,944.0,96.0,16,16,2,0.607037037037037,0.3496296296296296,0.035555555555555556,0.8897266729500471,0.09048067860508954
298,2,4,HC,2,2,2153.0,509.0,1784.0,328.0,18,16,7,0.19120961682945153,0.6701728024042074,0.12321562734785875,0.828611240130051,0.15234556432884347
299,3,14,HC,3,5,3490.0,7220.0,3051.0,349.0,40,39,5,0.6741363211951448,0.2848739495798319,0.03258636788048553,0.8742120343839541,0.1
300,3,14,HC,3,1,1143.0,1534.0,1117.0,0.0,10,10,0,0.5730295106462457,0.4172581247665297,0.0,0.9772528433945756,0.0
301,3,14,HC,3,4,1244.0,1431.0,1071.0,155.0,11,11,2,0.5349532710280374,0.40037383177570096,0.05794392523364486,0.8609324758842444,0.12459807073954984
302,3,14,HC,3,2,491.0,2190.0,491.0,0.0,9,9,0,0.8168593808280492,0.18314061917195076,0.0,1.0,0.0
303,3,14,HC,3,3,609.0,2072.0,598.0,0.0,9,8,0,0.7728459530026109,0.22305110033569564,0.0,0.9819376026272578,0.0
304,4,4,HC,3,4,297.0,2370.0,251.0,46.0,15,14,3,0.8886389201349831,0.09411323584551931,0.01724784401949756,0.8451178451178452,0.15488215488215487
305,4,4,HC,3,5,3678.0,6896.0,2492.0,1112.0,88,91,26,0.6521656894268961,0.23567240400983544,0.10516360885190089,0.677542142468733,0.30233822729744425
306,4,4,HC,3,1,1717.0,899.0,1239.0,261.0,22,33,7,0.34365443425076453,0.4736238532110092,0.09977064220183486,0.7216074548631334,0.15200931857891672
307,4,4,HC,3,3,1557.0,1067.0,1196.0,325.0,31,30,9,0.4066310975609756,0.4557926829268293,0.12385670731707317,0.7681438664097624,0.20873474630700065
308,4,4,HC,3,2,1719.0,915.0,1066.0,520.0,33,37,10,0.34738041002277903,0.404707668944571,0.19741837509491267,0.6201279813845259,0.30250145433391507
309,1,4,HC,2,4,2083.0,587.0,1623.0,401.0,29,30,7,0.2198501872659176,0.6078651685393258,0.150187265917603,0.7791646663466154,0.19251080172827653
310,1,4,HC,2,5,4492.0,6135.0,4157.0,267.0,57,58,6,0.5773030958878329,0.3911734261786017,0.02512468241272231,0.9254229741763135,0.05943900267141585
311,1,4,HC,2,2,1203.0,1449.0,1034.0,127.0,19,18,2,0.5463800904977375,0.389894419306184,0.047888386123680245,0.8595178719866999,0.1055694098088113
312,1,4,HC,2,3,1600.0,1058.0,1303.0,272.0,16,16,4,0.3980436418359669,0.49021820917983444,0.10233258088788563,0.814375,0.17
313,1,4,HC,2,1,1847.0,801.0,1534.0,223.0,19,19,4,0.30249244712990936,0.5793051359516617,0.08421450151057402,0.8305360043313481,0.12073632918245804
314,9,1,HC,2,3,2253.0,415.0,1681.0,546.0,13,13,5,0.1555472263868066,0.6300599700149925,0.20464767616191903,0.7461162893919219,0.24234354194407456
315,9,1,HC,2,2,1224.0,1459.0,1104.0,92.0,7,6,2,0.5437942601565412,0.41147968691762954,0.03428997390980246,0.9019607843137255,0.07516339869281045
316,9,1,HC,2,1,1265.0,1414.0,1018.0,221.0,8,8,2,0.5278088839119074,0.3799925345278089,0.08249346771183277,0.8047430830039526,0.17470355731225296
317,9,1,HC,2,5,3942.0,6779.0,3259.0,569.0,29,28,13,0.632310418804216,0.3039828374218823,0.053073407331405656,0.8267376966007103,0.1443429731100964
318,9,1,HC,2,4,1504.0,1164.0,1142.0,298.0,13,12,3,0.4362818590704648,0.4280359820089955,0.11169415292353824,0.7593085106382979,0.1981382978723404
319,6,1,HC,2,3,2433.0,234.0,1854.0,551.0,11,11,4,0.08773903262092239,0.6951631046119235,0.2065991751031121,0.7620221948212084,0.2264693793670366
320,6,1,HC,2,1,0.0,3163.0,0.0,0.0,1,0,0,1.0,0.0,0.0,,
321,6,1,HC,2,5,5644.0,4726.0,4403.0,1146.0,39,38,15,0.4557377049180328,0.4245901639344262,0.11051108968177435,0.7801204819277109,0.2030474840538625
322,6,1,HC,2,4,2564.0,170.0,1894.0,651.0,10,11,5,0.06217995610826628,0.6927578639356254,0.23811265544989027,0.7386895475819033,0.2539001560062403
323,6,1,HC,2,2,1931.0,747.0,1694.0,228.0,9,9,3,0.2789395070948469,0.6325616131441374,0.08513816280806571,0.8772656654583117,0.11807353702744691
324,8,1,HC,3,1,0.0,2699.0,0.0,0.0,1,0,0,1.0,0.0,0.0,,
325,8,1,HC,3,4,2131.0,527.0,1517.0,569.0,15,15,8,0.1982693754702784,0.5707298720842738,0.21407072987208428,0.7118723603941811,0.26701079305490383
326,8,1,HC,3,2,1830.0,848.0,1490.0,309.0,13,13,3,0.3166542195668409,0.556385362210605,0.11538461538461539,0.8142076502732241,0.16885245901639345
327,8,1,HC,3,3,1625.0,972.0,1306.0,295.0,9,8,3,0.37427801309202924,0.5028879476318829,0.11359260685406238,0.8036923076923077,0.18153846153846154
328,8,1,HC,3,5,4688.0,6035.0,3628.0,966.0,35,33,13,0.5628089154154621,0.33833815163666886,0.09008672946003916,0.7738907849829352,0.2060580204778157
329,1,1,OD,4,5,8896.0,1821.0,5605.0,1489.0,25,24,15,0.1699169543715592,0.5230008397872539,0.13893813567229635,0.63005845323741,0.16737859712230216
330,1,1,OD,4,1,2013.0,665.0,1831.0,182.0,13,12,2,0.248319641523525,0.6837191934279313,0.06796116504854369,0.9095876800794833,0.09041231992051664
331,1,1,OD,4,4,2405.0,311.0,2008.0,397.0,12,11,2,0.11450662739322533,0.7393225331369662,0.14617083946980855,0.834927234927235,0.16507276507276508
332,1,1,OD,4,2,1393.0,1267.0,1237.0,148.0,13,12,2,0.4763157894736842,0.4650375939849624,0.055639097744360905,0.8880114860014358,0.10624551328068917
333,1,1,OD,4,3,2385.0,379.0,1758.0,579.0,10,7,5,0.13712011577424024,0.6360347322720694,0.20947901591895804,0.7371069182389937,0.24276729559748428
334,1,2,OR,4,4,2214.0,428.0,1577.0,440.0,16,11,6,0.161998485995458,0.5968962906888721,0.16654049962149886,0.7122854561878952,0.1987353206865402
335,1,2,OR,4,2,2192.0,475.0,1658.0,33.0,13,13,5,0.17810273715785527,0.6216722909636295,0.012373453318335208,0.7563868613138686,0.015054744525547446
336,1,2,OR,4,1,1558.0,1145.0,1333.0,126.0,9,7,2,0.42360340362560117,0.4931557528671846,0.04661487236403995,0.8555840821566111,0.08087291399229782
337,1,2,OR,4,5,8377.0,2283.0,5697.0,2099.0,25,23,15,0.21416510318949344,0.5344277673545966,0.19690431519699814,0.6800763996657515,0.25056702876924913
338,1,2,OR,4,3,2113.0,643.0,1815.0,177.0,4,4,3,0.23330914368650219,0.6585631349782293,0.06422351233671988,0.8589682915286323,0.08376715570279224
339,1,4,CON,4,2,1977.0,693.0,1758.0,63.0,16,16,1,0.2595505617977528,0.6584269662921348,0.02359550561797753,0.8892261001517451,0.03186646433990895
340,1,4,CON,4,5,7782.0,2273.0,5656.0,1252.0,32,26,16,0.2260566882148185,0.5625062158130284,0.12451516658378917,0.7268054484708302,0.1608840914931894
341,1,4,CON,4,4,1990.0,723.0,1711.0,143.0,11,11,2,0.2664946553630667,0.630667158127534,0.05270917803169923,0.8597989949748743,0.07185929648241206
342,1,4,CON,4,3,1958.0,686.0,1452.0,278.0,14,12,7,0.2594553706505295,0.5491679273827534,0.10514372163388805,0.7415730337078652,0.14198161389172625
343,1,4,CON,4,1,964.0,1707.0,852.0,85.0,5,4,1,0.6390864844627481,0.3189816548109322,0.03182328715836765,0.8838174273858921,0.08817427385892117
344,1,3,HC,4,5,6013.0,4185.0,4751.0,763.0,28,26,9,0.41037458325161796,0.4658756618944891,0.07481859188076094,0.7901214036254781,0.12689173457508732
345,1,3,HC,4,1,1041.0,1632.0,899.0,70.0,6,5,1,0.6105499438832772,0.3363262252151141,0.026187803965581742,0.8635926993275697,0.06724303554274735
346,1,3,HC,4,4,1929.0,737.0,1436.0,183.0,10,8,3,0.27644411102775696,0.5386346586646662,0.06864216054013503,0.7444271643338517,0.09486780715396578
347,1,3,HC,4,3,2117.0,542.0,1724.0,154.0,12,9,4,0.20383602858217376,0.648364046634073,0.05791650996615269,0.8143599433160132,0.07274444969296173
348,1,3,HC,4,2,1529.0,1122.0,1126.0,144.0,14,11,3,0.42323651452282157,0.4247453791022256,0.05431912485854395,0.736429038587312,0.09417920209287116
349,1,5,OR-N,4,5,7974.0,2117.0,6693.0,1182.0,26,26,15,0.2097909027846596,0.663264294916262,0.1171340798731543,0.8393528969149736,0.14823175319789314
350,1,5,OR-N,4,1,0.0,2680.0,0.0,0.0,3,0,0,1.0,0.0,0.0,,
351,1,5,OR-N,4,3,1492.0,1254.0,1492.0,0.0,6,5,0,0.45666423889293517,0.5433357611070648,0.0,1.0,0.0
352,1,5,OR-N,4,4,713.0,2208.0,652.0,60.0,5,5,1,0.7559055118110236,0.2232112290311537,0.020540910647038686,0.9144460028050491,0.08415147265077139
353,1,5,OR-N,4,2,318.0,2047.0,318.0,0.0,6,5,0,0.86553911205074,0.13446088794926003,0.0,1.0,0.0
354,9,15,OR,4,1,0.0,2697.0,0.0,0.0,1,0,0,1.0,0.0,0.0,,
355,9,15,OR,4,5,191.0,8716.0,191.0,0.0,4,3,0,0.9785561917592904,0.021443808240709555,0.0,1.0,0.0
356,9,15,OR,4,3,0.0,2696.0,0.0,0.0,1,0,0,1.0,0.0,0.0,,
357,9,15,OR,4,4,166.0,2513.0,166.0,0.0,9,9,0,0.9380365808137364,0.06196341918626353,0.0,1.0,0.0
358,9,15,OR,4,2,0.0,2697.0,0.0,0.0,1,0,0,1.0,0.0,0.0,,
359,9,3,HC,4,2,1799.0,859.0,1119.0,587.0,13,9,10,0.3231753197893153,0.42099322799097066,0.22084273890142964,0.6220122290161201,0.3262923846581434
360,9,3,HC,4,3,1934.0,714.0,1332.0,456.0,18,16,5,0.26963746223564955,0.5030211480362538,0.17220543806646527,0.688728024819028,0.23578076525336092
361,9,3,HC,4,5,4350.0,5973.0,3333.0,869.0,31,27,17,0.5786108689334496,0.3228712583551293,0.08418095514869708,0.7662068965517241,0.19977011494252875
362,9,3,HC,4,1,1782.0,892.0,1414.0,300.0,10,8,4,0.3335826477187734,0.5287958115183246,0.11219147344801796,0.7934904601571269,0.16835016835016836
363,9,3,HC,4,4,628.0,2059.0,479.0,111.0,4,4,1,0.7662820989951619,0.17826572385560105,0.041310011164867884,0.7627388535031847,0.1767515923566879
364,9,4,OD,4,5,8204.0,2444.0,5726.0,1646.0,46,37,22,0.229526671675432,0.5377535687453043,0.1545830202854996,0.6979522184300341,0.2006338371526085
365,9,4,OD,4,4,2470.0,196.0,1851.0,542.0,11,8,6,0.07351837959489872,0.694298574643661,0.20330082520630158,0.7493927125506072,0.2194331983805668
366,9,4,OD,4,1,856.0,1828.0,823.0,18.0,7,6,1,0.6810730253353204,0.3066318926974665,0.0067064083457526085,0.9614485981308412,0.02102803738317757
367,9,4,OD,4,2,1815.0,847.0,1424.0,254.0,13,12,4,0.3181818181818182,0.5349361382419233,0.09541697971450037,0.7845730027548209,0.1399449035812672
368,9,4,OD,4,3,2421.0,234.0,1773.0,543.0,15,12,8,0.08813559322033898,0.6677966101694915,0.20451977401129945,0.7323420074349443,0.22428748451053285
369,9,10,OR,4,2,1872.0,779.0,1464.0,315.0,17,16,6,0.2938513768389287,0.5522444360618635,0.11882308562806489,0.782051282051282,0.16826923076923078
370,9,10,OR,4,4,2025.0,635.0,1497.0,339.0,20,17,3,0.2387218045112782,0.562781954887218,0.1274436090225564,0.7392592592592593,0.1674074074074074
371,9,10,OR,4,1,1508.0,1149.0,1251.0,198.0,17,16,3,0.432442604441099,0.4708317651486639,0.07452013549115544,0.8295755968169761,0.1312997347480106
372,9,10,OR,4,5,6792.0,3878.0,4967.0,1297.0,41,36,18,0.3634489222118088,0.4655107778819119,0.12155576382380506,0.731301531213192,0.19095995288574794
373,9,10,OR,4,3,1748.0,900.0,1322.0,327.0,20,19,4,0.33987915407854985,0.49924471299093653,0.12348942598187311,0.7562929061784897,0.18707093821510298
374,9,2,CON,4,1,1805.0,865.0,1509.0,170.0,10,10,3,0.32397003745318353,0.5651685393258427,0.06367041198501873,0.83601108033241,0.09418282548476455
375,9,2,CON,4,2,2320.0,341.0,1690.0,305.0,7,9,7,0.12814731304021046,0.6350995866215708,0.11461856444945509,0.728448275862069,0.1314655172413793
376,9,2,CON,4,5,4431.0,6251.0,3398.0,449.0,35,37,10,0.5851900393184797,0.3181052237408725,0.04203332709230481,0.7668697810877906,0.10133152787181224
377,9,2,CON,4,3,2089.0,569.0,1403.0,411.0,10,12,6,0.21407072987208428,0.5278404815650866,0.154627539503386,0.6716132120631881,0.19674485399712782
378,9,2,CON,4,4,1704.0,437.0,1186.0,403.0,14,11,10,0.20411022886501634,0.5539467538533396,0.18822979915927138,0.6960093896713615,0.23650234741784038
379,9,14,OR,4,5,0.0,10797.0,0.0,0.0,1,0,0,1.0,0.0,0.0,,
380,9,14,OR,4,3,57.0,2640.0,57.0,0.0,4,3,0,0.978865406006674,0.021134593993325918,0.0,1.0,0.0
381,9,14,OR,4,2,119.0,2572.0,119.0,0.0,4,3,0,0.9557785209959123,0.044221479004087696,0.0,1.0,0.0
382,9,14,OR,4,4,31.0,2659.0,31.0,0.0,4,3,0,0.9884758364312267,0.011524163568773234,0.0,1.0,0.0
383,9,14,OR,4,1,0.0,2698.0,0.0,0.0,1,0,0,1.0,0.0,0.0,,
384,9,16,OR-N,4,4,2078.0,572.0,1416.0,514.0,19,16,5,0.2158490566037736,0.5343396226415095,0.1939622641509434,0.6814244465832531,0.24735322425409048
385,9,16,OR-N,4,2,565.0,2112.0,565.0,0.0,11,10,0,0.7889428464699291,0.21105715353007098,0.0,1.0,0.0
386,9,16,OR-N,4,3,1609.0,1042.0,1330.0,247.0,20,20,3,0.3930592229347416,0.5016974726518295,0.0931723877781969,0.8266003729024238,0.15351149782473586
387,9,16,OR-N,4,1,753.0,1924.0,628.0,107.0,10,9,1,0.7187149794546134,0.2345909600298842,0.03997011580127008,0.8339973439575034,0.14209827357237717
388,9,16,OR-N,4,5,7378.0,2721.0,5879.0,1294.0,42,39,19,0.2694326170908011,0.5821368452322012,0.12813149816813546,0.796828408782868,0.17538628354567634
389,13,4,OD,4,4,2142.0,678.0,2063.0,0.0,13,13,0,0.2404255319148936,0.7315602836879432,0.0,0.9631185807656396,0.0
390,13,4,OD,4,3,1422.0,1259.0,1422.0,0.0,14,15,0,0.46960089518836257,0.5303991048116374,0.0,1.0,0.0
391,13,4,OD,4,2,820.0,1883.0,820.0,0.0,14,13,0,0.6966333703292638,0.30336662967073624,0.0,1.0,0.0
392,13,4,OD,4,5,5155.0,5577.0,3940.0,897.0,41,37,11,0.5196608274319792,0.36712635109951547,0.0835818114051435,0.7643064985451018,0.1740058195926285
393,13,4,OD,4,1,0.0,2698.0,0.0,0.0,1,0,0,1.0,0.0,0.0,,
394,13,13,OR-N,4,2,463.0,2211.0,463.0,0.0,14,13,0,0.8268511593118923,0.1731488406881077,0.0,1.0,0.0
395,13,13,OR-N,4,1,0.0,2701.0,0.0,0.0,1,0,0,1.0,0.0,0.0,,
396,13,13,OR-N,4,3,46.0,2647.0,46.0,0.0,4,3,0,0.9829186780542146,0.01708132194578537,0.0,1.0,0.0
397,13,13,OR-N,4,4,0.0,2702.0,0.0,0.0,1,0,0,1.0,0.0,0.0,,
398,13,13,OR-N,4,5,27.0,10760.0,27.0,0.0,2,1,0,0.9974969871141188,0.0025030128858811534,0.0,1.0,0.0
399,13,3,OR,4,3,2150.0,519.0,1664.0,415.0,17,16,6,0.19445485200449605,0.6234544773323342,0.1554889471712252,0.773953488372093,0.1930232558139535
400,13,3,OR,4,1,326.0,2365.0,326.0,0.0,5,4,0,0.8788554440728353,0.12114455592716462,0.0,1.0,0.0
401,13,3,OR,4,5,3268.0,7437.0,2551.0,585.0,44,41,7,0.6947220924801495,0.23829985987856142,0.05464736104624007,0.7805997552019583,0.17900856793145656
402,13,3,OR,4,4,2209.0,452.0,1712.0,370.0,14,15,3,0.1698609545283728,0.6433671552048102,0.13904547162720782,0.7750113173381621,0.16749660479855139
403,13,3,OR,4,2,1864.0,812.0,1458.0,367.0,10,8,3,0.3034379671150972,0.5448430493273543,0.13714499252615844,0.7821888412017167,0.1968884120171674
404,13,2,HC,4,4,930.0,1740.0,739.0,148.0,12,11,2,0.651685393258427,0.27677902621722844,0.05543071161048689,0.7946236559139785,0.15913978494623657
405,13,2,HC,4,1,707.0,1969.0,707.0,0.0,15,15,0,0.7357997010463379,0.2642002989536622,0.0,1.0,0.0
406,13,2,HC,4,5,4005.0,6715.0,3289.0,508.0,29,28,8,0.6263992537313433,0.30680970149253733,0.047388059701492534,0.8212234706616729,0.12684144818976278
407,13,2,HC,4,3,1524.0,1138.0,1114.0,284.0,14,12,4,0.4274981217129977,0.4184823441021788,0.10668670172802404,0.7309711286089239,0.18635170603674542
408,13,2,HC,4,2,1580.0,1073.0,1251.0,255.0,18,17,4,0.4044477949491142,0.471541650961176,0.09611760271390878,0.7917721518987342,0.16139240506329114
409,13,11,OR-N,4,4,2003.0,666.0,1646.0,256.0,12,10,3,0.24953165979767702,0.6167103784188834,0.09591607343574372,0.8217673489765353,0.12780828756864704
410,13,11,OR-N,4,5,6841.0,3851.0,5328.0,1083.0,41,37,11,0.3601758323980546,0.4983164983164983,0.10129068462401795,0.7788335038737026,0.15831018856892268
411,13,11,OR-N,4,1,1059.0,1627.0,907.0,146.0,7,6,1,0.6057334326135517,0.33767684288905436,0.054355919583023084,0.8564683663833805,0.13786591123701605
412,13,11,OR-N,4,2,1904.0,792.0,1560.0,188.0,12,10,3,0.29376854599406527,0.5786350148367952,0.06973293768545995,0.819327731092437,0.09873949579831932
413,13,11,OR-N,4,3,2058.0,629.0,1570.0,353.0,12,9,3,0.23409006326758466,0.5842947525120953,0.1313732787495348,0.7628765792031098,0.1715257531584062
414,13,1,CON,4,1,560.0,1344.0,550.0,10.0,9,8,1,0.7058823529411765,0.28886554621848737,0.005252100840336135,0.9821428571428571,0.017857142857142856
415,13,1,CON,4,5,3682.0,7060.0,3223.0,409.0,22,21,4,0.6572332898901508,0.30003723701359153,0.03807484639731894,0.8753394894079305,0.11108093427485062
416,13,1,CON,4,2,1241.0,1432.0,1007.0,195.0,11,9,2,0.535727646838758,0.3767302656191545,0.07295173961840629,0.8114423851732474,0.1571313456889605
417,13,1,CON,4,3,839.0,1841.0,812.0,6.0,8,7,1,0.6869402985074626,0.3029850746268657,0.002238805970149254,0.9678188319427891,0.007151370679380214
418,13,1,CON,4,4,617.0,2064.0,617.0,0.0,9,8,0,0.7698619917941066,0.23013800820589334,0.0,1.0,0.0
419,13,12,OR,4,1,51.0,2640.0,51.0,0.0,4,3,0,0.9810479375696767,0.0189520624303233,0.0,1.0,0.0
420,13,12,OR,4,2,96.0,2594.0,96.0,0.0,5,4,0,0.9643122676579926,0.035687732342007436,0.0,1.0,0.0
421,13,12,OR,4,4,11.0,2686.0,11.0,0.0,2,1,0,0.9959213941416388,0.004078605858361142,0.0,1.0,0.0
422,13,12,OR,4,5,0.0,10794.0,0.0,0.0,1,0,0,1.0,0.0,0.0,,
423,13,12,OR,4,3,25.0,2669.0,25.0,0.0,3,2,0,0.9907201187824796,0.009279881217520415,0.0,1.0,0.0
424,6,6,HC,4,3,2489.0,169.0,1999.0,460.0,11,10,9,0.063581640331076,0.7520692249811889,0.17306245297215953,0.8031337886701486,0.18481317798312574
425,6,6,HC,4,1,2490.0,171.0,1892.0,567.0,11,9,8,0.06426155580608793,0.711010898158587,0.21307779030439683,0.7598393574297189,0.22771084337349398
426,6,6,HC,4,2,2489.0,165.0,1788.0,601.0,12,11,9,0.06217030896759608,0.6737000753579503,0.22645064054257724,0.7183607874648453,0.24146243471273604
427,6,6,HC,4,4,2460.0,190.0,1792.0,638.0,12,14,8,0.07169811320754717,0.6762264150943397,0.24075471698113207,0.7284552845528456,0.25934959349593495
428,6,6,HC,4,5,6402.0,4309.0,5014.0,1241.0,26,22,15,0.40229670432265896,0.46811688917934835,0.11586219774064047,0.7831927522649172,0.19384567322711652
429,6,1,HC,4,2,1782.0,887.0,1375.0,192.0,7,9,4,0.33233420756837767,0.5151742225552641,0.0719370550768078,0.7716049382716049,0.10774410774410774
430,6,1,HC,4,3,2189.0,479.0,1774.0,204.0,9,12,2,0.17953523238380809,0.6649175412293853,0.07646176911544228,0.810415714938328,0.09319323892188214
431,6,1,HC,4,5,4233.0,6449.0,3668.0,390.0,33,32,6,0.6037258940273357,0.34338138925294887,0.03651001685077701,0.866524923222301,0.09213323883770376
432,6,1,HC,4,4,2048.0,628.0,1596.0,334.0,6,6,4,0.23467862481315396,0.5964125560538116,0.12481315396113603,0.779296875,0.1630859375
433,6,1,HC,4,1,2460.0,212.0,2027.0,277.0,9,10,3,0.07934131736526946,0.7586077844311377,0.10366766467065869,0.8239837398373984,0.11260162601626016
434,6,10,OD,4,1,0.0,611.0,0.0,0.0,1,0,0,1.0,0.0,0.0,,
435,6,10,OD,4,5,8084.0,2570.0,6200.0,1177.0,37,29,17,0.2412239534447156,0.5819410550028159,0.11047493899005069,0.7669470559129143,0.14559623948540326
436,6,10,OD,4,3,1842.0,837.0,1552.0,173.0,6,7,2,0.3124300111982083,0.5793206420306084,0.06457633445315417,0.8425624321389794,0.09391965255157438
437,6,10,OD,4,2,2371.0,306.0,2025.0,171.0,7,5,3,0.11430706014194994,0.7564437803511393,0.06387747478520732,0.8540700126528891,0.07212146773513285
438,6,10,OD,4,4,2345.0,331.0,1937.0,264.0,8,8,3,0.12369207772795217,0.7238415545590433,0.09865470852017937,0.8260127931769723,0.11257995735607676
439,6,4,CON,4,1,1643.0,1030.0,1440.0,135.0,12,10,1,0.38533482977927425,0.5387205387205387,0.050505050505050504,0.8764455264759586,0.08216676810712112
440,6,4,CON,4,4,2617.0,54.0,1961.0,528.0,6,9,6,0.020217147135904157,0.7341819543242232,0.1976787719955073,0.7493312953763852,0.20175773786778756
441,6,4,CON,4,2,2362.0,317.0,1997.0,204.0,7,7,2,0.11832773422918999,0.7454273982829414,0.0761478163493841,0.8454699407281965,0.0863674851820491
442,6,4,CON,4,5,8551.0,992.0,6390.0,1491.0,21,23,10,0.1039505396625799,0.6696007544797233,0.1562401760452688,0.7472810197637704,0.17436557127821306
443,6,4,CON,4,3,1858.0,817.0,1630.0,138.0,10,10,1,0.30542056074766355,0.6093457943925233,0.05158878504672897,0.8772874058127018,0.07427341227125941
444,6,7,OR-N,4,2,1066.0,1612.0,911.0,102.0,8,8,2,0.6019417475728155,0.3401792382374907,0.038088125466766244,0.8545966228893058,0.09568480300187618
445,6,7,OR-N,4,5,9536.0,1203.0,7516.0,997.0,15,18,7,0.1120216035012571,0.6998789458981283,0.09283918428159046,0.7881711409395973,0.10455117449664429
446,6,7,OR-N,4,3,2161.0,507.0,1558.0,409.0,11,9,5,0.19002998500749624,0.5839580209895052,0.1532983508245877,0.7209625173530773,0.1892642295233688
447,6,7,OR-N,4,4,2345.0,329.0,2016.0,105.0,8,7,3,0.12303664921465969,0.7539267015706806,0.03926701570680628,0.8597014925373134,0.04477611940298507
448,6,7,OR-N,4,1,528.0,2162.0,528.0,0.0,6,5,0,0.803717472118959,0.1962825278810409,0.0,1.0,0.0
449,6,3,HC,4,1,2530.0,149.0,2230.0,191.0,6,7,1,0.055617767823814855,0.8324001493094438,0.07129525942515864,0.8814229249011858,0.07549407114624505
450,6,3,HC,4,4,2490.0,167.0,1667.0,335.0,13,12,5,0.062852841550621,0.6273993225442228,0.1260820474219044,0.6694779116465863,0.13453815261044177
451,6,3,HC,4,3,2447.0,229.0,2015.0,243.0,6,6,4,0.08557548579970105,0.7529895366218237,0.09080717488789238,0.823457294646506,0.09930527176134042
452,6,3,HC,4,2,2197.0,65.0,1810.0,291.0,7,6,2,0.028735632183908046,0.8001768346595933,0.1286472148541114,0.8238507055075103,0.13245334547109694
453,6,3,HC,4,5,6696.0,4053.0,5232.0,957.0,27,29,9,0.3770583310075356,0.48674295283282165,0.08903153781747139,0.7813620071684588,0.14292114695340502
454,6,2,OD,4,4,2463.0,200.0,1885.0,425.0,10,11,6,0.07510326699211416,0.707848291400676,0.15959444235824258,0.7653268371904182,0.17255379618351604
455,6,2,OD,4,1,1806.0,878.0,1637.0,125.0,5,6,1,0.327123695976155,0.6099105812220567,0.046572280178837556,0.906423034330011,0.06921373200442968
456,6,2,OD,4,3,2411.0,265.0,1755.0,441.0,5,6,4,0.09902840059790732,0.655829596412556,0.1647982062780269,0.7279137287432601,0.18291165491497305
457,6,2,OD,4,5,8862.0,1862.0,6732.0,1209.0,33,31,14,0.17362924281984335,0.6277508392390899,0.11273778440880268,0.7596479350033852,0.13642518618821936
458,6,2,OD,4,2,2473.0,206.0,2142.0,196.0,3,6,3,0.0768943635684957,0.799552071668533,0.07316162747293767,0.8661544682571776,0.07925596441568944
459,6,5,OR,4,1,1463.0,1212.0,1409.0,43.0,11,9,1,0.4530841121495327,0.5267289719626168,0.016074766355140185,0.9630895420369104,0.02939166097060834
460,6,5,OR,4,2,1750.0,928.0,1546.0,70.0,8,8,1,0.34652725914861837,0.5772964899178491,0.026138909634055265,0.8834285714285715,0.04
461,6,5,OR,4,5,9484.0,1305.0,7043.0,2133.0,34,36,23,0.12095652979886921,0.6527945129298359,0.1977013624988414,0.7426191480388022,0.22490510333192745
462,6,5,OR,4,4,2445.0,228.0,1968.0,313.0,7,8,3,0.08529741863075196,0.7362514029180696,0.11709689487467265,0.8049079754601227,0.1280163599182004
463,6,5,OR,4,3,1926.0,741.0,1599.0,189.0,12,11,2,0.2778402699662542,0.5995500562429696,0.07086614173228346,0.8302180685358256,0.09813084112149532
464,3,3,HC,4,1,0.0,2697.0,0.0,0.0,1,0,0,1.0,0.0,0.0,,
465,3,3,HC,4,3,2260.0,417.0,1461.0,216.0,9,13,1,0.1557713858797161,0.5457601793051924,0.08068733657078819,0.6464601769911504,0.09557522123893805
466,3,3,HC,4,5,8130.0,2319.0,6442.0,873.0,30,27,11,0.22193511340798164,0.6165183271126423,0.08354866494401378,0.7923739237392374,0.10738007380073801
467,3,3,HC,4,2,13.0,2681.0,13.0,0.0,2,1,0,0.9951744617668894,0.004825538233110616,0.0,1.0,0.0
468,3,3,HC,4,4,544.0,2140.0,532.0,12.0,7,5,2,0.797317436661699,0.19821162444113263,0.004470938897168405,0.9779411764705882,0.022058823529411766
469,3,2,CON,4,1,76.0,2619.0,76.0,0.0,2,1,0,0.9717996289424861,0.028200371057513916,0.0,1.0,0.0
470,3,2,CON,4,2,0.0,2698.0,0.0,0.0,1,0,0,1.0,0.0,0.0,,
471,3,2,CON,4,5,8092.0,2717.0,6022.0,1280.0,38,34,12,0.25136460357109813,0.5571283189934314,0.11841983532241651,0.7441917943648048,0.15818091942659418
472,3,2,CON,4,4,2096.0,571.0,1752.0,262.0,10,10,4,0.21409823772028497,0.6569178852643419,0.09823772028496439,0.8358778625954199,0.125
473,3,2,CON,4,3,1610.0,1068.0,1578.0,0.0,9,10,0,0.3988050784167289,0.5892457057505601,0.0,0.9801242236024845,0.0
474,3,6,HC,4,2,1418.0,1266.0,1185.0,137.0,6,5,4,0.47168405365126675,0.44150521609538,0.05104321907600596,0.8356840620592384,0.09661495063469676
475,3,6,HC,4,5,4116.0,6621.0,3385.0,459.0,26,27,6,0.6166526962838782,0.315264971593555,0.04274937133277452,0.8224003887269193,0.11151603498542274
476,3,6,HC,4,3,2074.0,599.0,1716.0,146.0,11,9,1,0.2240927796483352,0.6419753086419753,0.054620276842499066,0.8273866923818708,0.0703953712632594
477,3,6,HC,4,1,1356.0,1319.0,1267.0,57.0,12,11,1,0.4930841121495327,0.47364485981308413,0.02130841121495327,0.9343657817109144,0.0420353982300885
478,3,6,HC,4,4,2127.0,535.0,1644.0,249.0,15,13,4,0.20097670924117206,0.6175807663410969,0.09353869271224644,0.7729196050775741,0.11706629055007052
479,3,4,OD,4,3,1963.0,706.0,1441.0,412.0,11,10,3,0.264518546272012,0.5399025852379168,0.15436493068565005,0.7340804890473764,0.20988283239938868
480,3,4,OD,4,1,1191.0,1495.0,1063.0,34.0,5,4,1,0.5565897244973939,0.39575577066269546,0.012658227848101266,0.892527287993283,0.028547439126784216
481,3,4,OD,4,5,6043.0,4086.0,4328.0,1066.0,38,30,13,0.4033961891598381,0.4272879849935828,0.10524237338335472,0.7162005626344531,0.17640244911467814
482,3,4,OD,4,4,2356.0,321.0,1873.0,350.0,7,6,3,0.11991034740381024,0.6996638027642884,0.1307433694434068,0.7949915110356537,0.14855687606112053
483,3,4,OD,4,2,1891.0,787.0,1775.0,93.0,8,8,1,0.2938760268857356,0.6628080657206871,0.03472740851381628,0.9386567953463776,0.04918032786885246
484,3,5,OR-N,4,1,0.0,2699.0,0.0,0.0,1,0,0,1.0,0.0,0.0,,
485,3,5,OR-N,4,3,668.0,2020.0,668.0,0.0,6,5,0,0.7514880952380952,0.24851190476190477,0.0,1.0,0.0
486,3,5,OR-N,4,4,1557.0,1124.0,1336.0,148.0,7,7,2,0.41924654979485265,0.49832152182021633,0.05520328235732935,0.8580603725112396,0.09505459216441875
487,3,5,OR-N,4,5,6825.0,3888.0,5531.0,919.0,28,26,8,0.3629235508260991,0.5162886213012228,0.08578362736861757,0.8104029304029304,0.13465201465201465
488,3,5,OR-N,4,2,293.0,2400.0,293.0,0.0,4,3,0,0.8911994058670628,0.10880059413293725,0.0,1.0,0.0
489,3,1,OR,4,3,732.0,1939.0,722.0,0.0,11,10,0,0.7259453388244104,0.27031074503931113,0.0,0.9863387978142076,0.0
490,3,1,OR,4,1,194.0,2596.0,194.0,0.0,4,3,0,0.9304659498207886,0.06953405017921147,0.0,1.0,0.0
491,3,1,OR,4,5,4411.0,6404.0,3673.0,675.0,22,22,12,0.5921405455386038,0.3396208969024503,0.06241331484049931,0.8326909997732941,0.1530265245975969
492,3,1,OR,4,4,431.0,2260.0,345.0,73.0,5,4,1,0.839836492010405,0.1282051282051282,0.027127461910070604,0.8004640371229699,0.16937354988399073
493,3,1,OR,4,2,119.0,2570.0,119.0,0.0,3,2,0,0.9557456303458535,0.04425436965414652,0.0,1.0,0.0
494,4,1,CON,4,4,2273.0,388.0,1860.0,355.0,15,13,4,0.1458098459225855,0.6989853438556933,0.13340849304772642,0.818301803783546,0.1561812582490101
495,4,1,CON,4,5,6748.0,3971.0,5292.0,854.0,32,33,10,0.37046366265509845,0.49370277078085645,0.07967161115775725,0.7842323651452282,0.12655601659751037
496,4,1,CON,4,1,303.0,2391.0,303.0,0.0,2,1,0,0.8875278396436526,0.11247216035634744,0.0,1.0,0.0
497,4,1,CON,4,3,2292.0,381.0,1696.0,481.0,8,6,5,0.1425364758698092,0.6344930789375234,0.17994762439206885,0.7399650959860384,0.20986038394415357
498,4,1,CON,4,2,1989.0,694.0,1611.0,324.0,7,7,3,0.2586656727543794,0.6004472605292583,0.1207603428997391,0.8099547511312217,0.16289592760180996
499,4,3,OR,4,4,2052.0,602.0,1580.0,452.0,20,18,4,0.22682743029389602,0.5953278070836473,0.17030896759608138,0.7699805068226121,0.2202729044834308
500,4,3,OR,4,5,7126.0,3520.0,5093.0,1782.0,52,50,28,0.33064061619387564,0.4783956415555138,0.16738681194814953,0.71470670783048,0.25007016559079426
501,4,3,OR,4,3,1587.0,1084.0,1361.0,128.0,9,8,2,0.4058405091725945,0.5095469861475103,0.04792212654436541,0.8575929426591052,0.08065532451165722
502,4,3,OR,4,2,0.0,2699.0,0.0,0.0,1,0,0,1.0,0.0,0.0,,
503,4,3,OR,4,1,0.0,2697.0,0.0,0.0,1,0,0,1.0,0.0,0.0,,
504,4,6,OD,4,2,1955.0,716.0,1529.0,241.0,10,7,4,0.268064395357544,0.5724447772369899,0.090228378884313,0.7820971867007672,0.12327365728900255
505,4,6,OD,4,4,1990.0,689.0,1361.0,481.0,8,6,3,0.25718551698394926,0.5080253826054498,0.1795446061963419,0.6839195979899497,0.24170854271356784
506,4,6,OD,4,5,5425.0,5301.0,3728.0,1026.0,28,25,14,0.49421965317919075,0.34756666045123996,0.0956554167443595,0.6871889400921659,0.18912442396313364
507,4,6,OD,4,1,1153.0,1533.0,984.0,107.0,4,4,1,0.5707371556217423,0.3663440059568131,0.03983618763961281,0.8534258456201215,0.09280138768430182
508,4,6,OD,4,3,1925.0,755.0,1539.0,272.0,6,6,3,0.28171641791044777,0.5742537313432836,0.10149253731343283,0.7994805194805195,0.1412987012987013
509,4,2,HC,4,4,1988.0,681.0,1633.0,191.0,10,10,3,0.25515174222555265,0.6118396403147246,0.07156238291494942,0.8214285714285714,0.0960764587525151
510,4,2,HC,4,3,604.0,2088.0,604.0,0.0,3,2,0,0.7756315007429421,0.22436849925705796,0.0,1.0,0.0
511,4,2,HC,4,2,0.0,2697.0,0.0,0.0,1,0,0,1.0,0.0,0.0,,
512,4,2,HC,4,1,0.0,2699.0,0.0,0.0,1,0,0,1.0,0.0,0.0,,
513,4,2,HC,4,5,8176.0,2514.0,4763.0,1457.0,32,37,16,0.23517305893358278,0.44555659494855004,0.1362956033676333,0.5825587084148728,0.17820450097847357
514,4,4,OR-N,4,5,8077.0,2541.0,6524.0,885.0,36,34,12,0.23931060463364098,0.6144283292522132,0.08334902994914296,0.8077256407081838,0.10957038504395196
515,4,4,OR-N,4,1,0.0,2697.0,0.0,0.0,1,0,0,1.0,0.0,0.0,,
516,4,4,OR-N,4,4,1894.0,814.0,1622.0,216.0,7,6,2,0.3005908419497784,0.5989660265878878,0.07976366322008863,0.856388595564942,0.11404435058078141
517,4,4,OR-N,4,3,1046.0,1669.0,1046.0,0.0,6,6,0,0.6147329650092082,0.3852670349907919,0.0,1.0,0.0
518,4,4,OR-N,4,2,134.0,2560.0,134.0,0.0,3,2,0,0.9502598366740905,0.04974016332590943,0.0,1.0,0.0
519,11,2,OD,4,1,1580.0,1090.0,1177.0,341.0,10,9,4,0.40823970037453183,0.44082397003745316,0.12771535580524346,0.7449367088607595,0.2158227848101266
520,11,2,OD,4,3,1804.0,859.0,1327.0,416.0,12,10,6,0.3225685317311303,0.49831017649267745,0.15621479534359745,0.7355875831485588,0.23059866962305986
521,11,2,OD,4,4,1788.0,877.0,1366.0,324.0,12,11,4,0.3290806754221388,0.5125703564727955,0.12157598499061914,0.7639821029082774,0.18120805369127516
522,11,2,OD,4,2,2119.0,547.0,1740.0,332.0,13,12,4,0.20517629407351837,0.6526631657914479,0.1245311327831958,0.8211420481359132,0.15667767815007078
523,11,2,OD,4,5,6172.0,4489.0,4405.0,1381.0,41,38,24,0.42106744207860425,0.41318825626113875,0.1295375668323797,0.7137070641607258,0.22375243033052494
524,11,3,HC,4,4,1539.0,1138.0,1252.0,247.0,7,7,4,0.4251027269331341,0.4676877101232723,0.0922674635786328,0.8135152696556205,0.16049382716049382
525,11,3,HC,4,1,815.0,1854.0,791.0,16.0,15,14,1,0.6946421880854252,0.29636568002997377,0.005994754589733983,0.9705521472392638,0.0196319018404908
526,11,3,HC,4,3,2213.0,449.0,1429.0,708.0,11,9,9,0.1686701728024042,0.5368144252441773,0.2659654395191585,0.6457297785811116,0.31992769995481246
527,11,3,HC,4,5,4563.0,6156.0,3068.0,1161.0,27,24,13,0.5743073047858942,0.2862207295456666,0.10831234256926953,0.6723646723646723,0.25443786982248523
528,11,3,HC,4,2,1870.0,799.0,1286.0,545.0,11,9,6,0.29936305732484075,0.4818284001498689,0.20419632821281378,0.6877005347593583,0.2914438502673797
529,11,1,CON,4,1,1109.0,1555.0,1016.0,53.0,15,13,3,0.5837087087087087,0.3813813813813814,0.019894894894894894,0.9161406672678089,0.047790802524797116
530,11,1,CON,4,2,1631.0,1043.0,1350.0,202.0,10,9,2,0.3900523560209424,0.5048616305160808,0.07554225878833208,0.8277130594727161,0.12385039852851011
531,11,1,CON,4,3,2143.0,535.0,1654.0,449.0,7,6,4,0.19977595220313668,0.6176250933532487,0.16766243465272593,0.7718152123191787,0.20951936537564161
532,11,1,CON,4,5,5831.0,4369.0,4419.0,1231.0,51,49,23,0.42833333333333334,0.43323529411764705,0.12068627450980392,0.7578459955410736,0.21111301663522553
533,11,1,CON,4,4,2089.0,581.0,1727.0,330.0,14,13,5,0.21760299625468166,0.646816479400749,0.12359550561797752,0.8267113451412159,0.15797032072762088
534,11,4,OR,4,1,1435.0,1240.0,1383.0,47.0,9,9,1,0.4635514018691589,0.5170093457943925,0.017570093457943924,0.9637630662020906,0.032752613240418116
535,11,4,OR,4,4,2347.0,325.0,1842.0,412.0,10,9,3,0.1216317365269461,0.6893712574850299,0.15419161676646706,0.7848317000426076,0.17554324669791224
536,11,4,OR,4,2,2025.0,430.0,1727.0,231.0,8,7,3,0.17515274949083504,0.7034623217922606,0.09409368635437881,0.8528395061728395,0.11407407407407408
537,11,4,OR,4,5,6498.0,4230.0,4549.0,1629.0,27,28,19,0.39429530201342283,0.42403057419835943,0.1518456375838926,0.7000615574022776,0.25069252077562326
538,11,4,OR,4,3,2132.0,550.0,1623.0,460.0,7,5,5,0.20507084265473527,0.6051454138702461,0.1715137956748695,0.7612570356472795,0.21575984990619138
