,rat_id,study_day,condition,treatment,trial_num,rem_start,rem_end,event_strings
0,2,2,OR,2,5-3,9121,9168,TPT
1,2,2,OR,2,5-3,9430,9468,T
2,2,2,OR,2,5-3,9738,9820,TPTPTPT
3,4,4,HC,3,4,2396,2400,T
4,4,4,HC,3,4,2411,2419,T
5,4,4,HC,3,4,2552,2586,T
6,3,4,OD,4,2,1552,1645,TPT
7,9,16,OR-N,4,4,707,746,TPT
8,9,16,OR-N,4,4,797,934,TPTPTPT
9,9,16,OR-N,4,4,1461,1479,T
10,9,16,OR-N,4,4,1515,1638,TPTPTPTPT
11,9,16,OR-N,4,4,2186,2383,TPTPTPTPTPTPTPT
12,4,2,HC,0,2,449,464,T
13,4,2,HC,0,2,712,839,TPTPTPTPTPT
14,4,4,OR-N,4,5-2,5623,5639,TPT
15,4,4,OR-N,4,5-2,5725,5806,TPTPTPTPTPTPT
16,4,4,OR-N,4,5-2,6285,6317,T
17,4,4,OR-N,4,5-2,6398,6463,T
18,4,4,OR-N,4,5-2,7308,7335,T
19,4,4,OR-N,4,5-2,7383,7486,TPTPT
20,6,3,HC,4,1,747,938,TPTPTPTPT
21,4,4,OR-N,4,4,1286,1371,TPTPT
22,4,4,OR-N,4,4,2033,2164,TPTPTPTP
23,4,1,OR,0,5-3,8342,8358,T
24,4,1,OR,0,5-3,8727,8852,TPTPT
25,4,1,OR,0,5-3,8894,8926,T
26,4,1,OR,0,5-3,9618,9672,TPT
27,3,3,OR,3,5-2,6826,6894,TPT
28,3,3,OR,3,5-2,7301,7392,TPTPTPT
29,3,3,OR,3,5-2,7928,8065,TPTPTPT
30,6,3,CON,2,5-2,5398,5576,PTPTPTPTPT
31,6,3,CON,2,5-2,6577,6738,TPTPTPTPT
32,6,3,CON,2,5-2,7345,7385,T
33,6,3,CON,2,5-2,7620,7676,T
34,9,2,CON,4,5-0,1671,1686,T
35,9,2,CON,4,5-0,1729,1819,TPT
36,5,6,HC,1,2,435,461,T
37,5,6,HC,1,2,991,1046,T
38,5,6,HC,1,2,1081,1156,TPTPTPT
39,5,6,HC,1,2,2041,2168,TPTPT
40,9,2,CON,4,3,643,748,TPTPT
41,9,2,CON,4,3,1389,1417,T
42,9,2,CON,4,3,1486,1515,TPT
43,9,2,CON,4,3,1568,1690,TPT
44,9,2,CON,4,3,2207,2286,T
45,9,2,CON,4,3,2649,2697,TPTPT
46,9,4,CON,2,3,1439,1587,TPTPTPTPT
47,9,4,CON,2,3,2075,2089,T
48,9,4,CON,2,3,2330,2475,TPTPTPT
49,3,3,OR,3,4,1454,1548,TPTPTPTPT
50,3,3,OR,3,4,2115,2148,T
51,4,5,OD,3,4,967,1030,TPTPTPT
52,4,5,OD,3,4,1036,1041,T
53,4,5,OD,3,4,1065,1077,T
54,4,5,OD,3,4,1097,1178,TPTPTPT
55,4,5,OD,3,4,1327,1335,T
56,4,5,OD,3,4,1543,1556,T
57,4,5,OD,3,4,1672,1688,TPT
58,4,5,OD,3,4,1740,1746,T
59,4,5,OD,3,4,1783,1897,TPT
60,4,5,OD,3,4,1907,1914,T
61,4,5,OD,3,4,1925,2057,TPTPTPT
62,4,5,OD,3,4,2062,2107,T
63,4,5,OD,3,4,2111,2119,T
64,4,5,OD,3,4,2131,2137,T
65,4,5,OD,3,4,2297,2371,T
66,8,1,HC,3,4,370,387,T
67,8,1,HC,3,4,571,697,TPT
68,8,1,HC,3,4,736,771,T
69,8,1,HC,3,4,1240,1356,TPTPTPT
70,8,1,HC,3,4,1658,1743,T
71,8,1,HC,3,4,2066,2121,PT
72,8,1,HC,3,4,2317,2427,TPTPTPTPT
73,8,1,HC,3,4,2468,2493,T
74,1,1,OD,4,2,1900,2008,TPTPTPT
75,1,1,OD,4,2,2017,2057,TPT
76,9,4,CON,2,5-1,3036,3090,T
77,9,4,CON,2,5-1,3347,3352,T
78,9,4,CON,2,5-1,3570,3674,TPT
79,13,3,OR,4,2,1415,1557,TPTPTPT
80,13,3,OR,4,2,1599,1620,T
81,13,3,OR,4,2,2493,2697,TPTPTPTPT
82,1,2,OD,2,4,1269,1296,TPT
83,9,10,OR,4,4,989,1172,TPTPTPTPTPTPTPT
84,9,10,OR,4,4,1906,1983,PTPT
85,9,10,OR,4,4,2025,2104,TPT
86,2,2,OR,2,5-1,2933,2967,TPTPT
87,2,2,OR,2,5-1,3367,3418,T
88,2,2,OR,2,5-1,3555,3655,TPTPTPT
89,3,3,OR,0,3,1529,1558,TPT
90,3,3,OR,0,3,1587,1603,T
91,11,2,OD,4,1,1794,1923,TPTPTPTPTPTPTPT
92,11,2,OD,4,1,1967,1995,T
93,11,2,OD,4,1,2359,2471,T
94,11,2,OD,4,1,2486,2558,T
95,9,3,OR,2,5-3,10211,10225,T
96,9,3,OR,2,5-3,10492,10582,TPT
97,3,6,OD,1,5-3,9366,9375,T
98,8,6,OD,3,3,820,869,T
99,8,6,OD,3,3,1258,1365,TPTPT
100,8,6,OD,3,3,1838,1867,T
101,8,6,OD,3,3,2128,2347,TPTPTPTPTPTPTPTPT
102,8,6,OD,3,3,2400,2425,T
103,4,1,CON,4,5-1,2757,2887,TPTPTPTPTPT
104,4,1,CON,4,5-1,3674,3842,TPTPTPTPTPT
105,4,1,CON,4,5-1,3890,3923,T
106,2,1,OD,2,5-0,1572,1637,TPTPTPT
107,2,1,OD,2,5-0,2590,2696,TPTPT
108,3,3,HC,4,3,1891,2107,TPTPT
109,3,1,OR,1,5-1,3556,3607,T
110,3,1,OR,1,5-1,4293,4345,T
111,3,1,OR,1,5-1,4751,4830,T
112,6,6,HC,4,4,107,116,T
113,6,6,HC,4,4,334,424,TPTPT
114,6,6,HC,4,4,802,927,TPT
115,6,6,HC,4,4,1358,1425,TPT
116,6,6,HC,4,4,1811,1879,TPT
117,6,6,HC,4,4,1939,1998,T
118,6,6,HC,4,4,2019,2137,TPTPTPT
119,6,6,HC,4,4,2593,2695,TPTPTPTPT
120,3,8,HC,0,5-0,983,1087,TPTPTPT
121,3,8,HC,0,5-0,1149,1186,T
122,3,8,HC,0,5-0,1681,1774,PTPTPT
123,3,6,HC,4,3,878,1024,TPTPTPTPT
124,3,5,OR-N,4,5-3,8401,8628,TPTPTPTPTPT
125,6,2,OD,4,5-2,6289,6333,TPT
126,6,2,OD,4,5-2,6442,6560,T
127,6,2,OD,4,5-2,7538,7614,TPTPTPT
128,4,16,OR,0,4,2192,2267,TPT
129,4,16,OR,0,4,2632,2642,T
130,6,2,OR,2,3,1866,2014,TPTPT
131,6,2,OR,2,3,2052,2156,TPT
132,4,6,OR,3,5-2,5661,5672,T
133,4,6,OR,3,5-2,5870,5962,PTPTPT
134,4,6,OR,3,5-2,6187,6197,T
135,4,6,OR,3,5-2,6301,6320,TPT
136,4,6,OR,3,5-2,6448,6510,T
137,4,6,OR,3,5-2,6884,6898,T
138,4,6,OR,3,5-2,7145,7196,TPT
139,1,2,OR,4,1,1736,1799,TPTPT
140,1,2,OR,4,1,1840,1903,TPT
141,3,3,OR,0,5-1,2638,2742,TPTPTPTPT
142,3,3,OR,0,5-1,3420,3525,TPTPT
143,3,3,OR,0,5-1,3576,3603,TPT
144,3,3,OR,0,5-1,4260,4302,T
145,3,3,OR,0,5-1,4326,4467,PTPTPTPTPTPT
146,8,1,HC,3,2,660,692,T
147,8,1,HC,3,2,1299,1392,TPTPTPTPTPT
148,8,1,HC,3,2,2242,2426,TPT
149,7,1,HC,3,1,2184,2242,TPT
150,3,1,OR,1,5-0,1008,1091,TPTPT
151,3,1,OR,1,5-0,1386,1421,TPT
152,3,1,OR,1,5-0,2451,2593,TPTPTPT
153,5,4,HC,0,5-2,6810,6929,TPTPTPTPT
154,5,4,HC,0,5-2,7264,7273,T
155,5,4,HC,0,5-2,7544,7559,T
156,5,4,HC,0,5-2,7620,7664,T
157,5,4,HC,0,5-2,7781,7822,T
158,3,1,OR,4,5-3,9715,9731,T
159,3,1,OR,4,5-3,9956,9966,T
160,3,1,OR,4,5-3,10071,10182,TPTPTPT
161,3,1,OR,4,5-3,10355,10453,TPTPT
162,9,6,OD,2,5-2,6262,6284,TPT
163,9,6,OD,2,5-2,6583,6610,T
164,11,3,HC,4,5-1,3135,3252,T
165,11,3,HC,4,5-1,3857,3981,TPTPTPTPT
166,11,3,HC,4,5-1,5162,5194,T
167,4,17,HC,0,5-1,4535,4660,TPT
168,13,11,OR-N,4,2,1504,1618,TPTPT
169,13,11,OR-N,4,2,2353,2396,T
170,13,11,OR-N,4,2,2654,2685,T
171,3,5,CON,3,5-2,6635,6689,TPT
172,3,5,CON,3,5-2,7090,7142,T
173,9,4,OD,4,5-0,511,612,TPTPTPT
174,9,4,OD,4,5-0,649,685,TPT
175,9,4,OD,4,5-0,1281,1392,TPTPTPT
176,9,4,OD,4,5-0,1439,1466,T
177,9,4,OD,4,5-0,1998,2156,TPTPTPTPTPTPTPT
178,9,4,OD,4,5-0,2410,2457,T
179,4,8,HC,1,5-1,4393,4558,TPTPTPTPT
180,4,8,HC,1,5-1,5187,5268,PT
181,6,7,OR-N,4,5-3,8655,8692,TP
182,6,7,OR-N,4,5-3,8806,8985,T
183,6,7,OR-N,4,5-3,10625,10799,TPT
184,4,4,HC,3,3,426,431,T
185,4,4,HC,3,3,595,622,TPT
186,4,4,HC,3,3,879,939,TPTPT
187,4,4,HC,3,3,1115,1137,T
188,4,4,HC,3,3,1432,1537,TPTPTPTPT
189,4,4,HC,3,3,1549,1576,TPT
190,4,4,HC,3,3,1938,1984,T
191,4,4,HC,3,3,2481,2487,T
192,4,4,HC,3,3,2541,2568,T
193,4,16,OR,0,5-2,5989,5995,T
194,4,16,OR,0,5-2,6070,6121,T
195,4,16,OR,0,5-2,6670,6750,TPTPT
196,4,16,OR,0,5-2,7012,7076,TPTPTPT
197,4,16,OR,0,5-2,7121,7151,T
198,5,3,OD,0,4,1006,1113,TPTPTPT
199,5,3,OD,0,4,1735,1757,T
200,5,3,OD,0,4,1787,1855,TPTPTPT
201,3,8,HC,0,5-1,2842,2961,PT
202,3,8,HC,0,5-1,3717,3798,TPTPT
203,5,6,HC,1,4,1006,1101,T
204,5,6,HC,1,4,1584,1738,TPTPTPTPT
205,8,4,CON,3,4,861,900,T
206,8,4,CON,3,4,1117,1264,TPTPT
207,8,4,CON,3,4,1763,1780,T
208,8,4,CON,3,4,1942,1957,T
209,8,4,CON,3,4,2351,2381,TPTPT
210,8,4,CON,3,4,2497,2643,TPTPTPTPTPTPT
211,11,4,OR,4,5-3,9605,9617,T
212,11,4,OR,4,5-3,9674,9784,TPT
213,7,2,OR,3,5-0,1325,1371,TPTPTPTPT
214,7,2,OR,3,5-0,1878,1938,T
215,7,2,OR,3,5-0,2505,2573,TPTPT
216,1,3,OR,2,2,1556,1568,T
217,1,3,OR,2,2,1746,1777,T
218,1,3,OR,2,2,2474,2483,T
219,1,3,OR,2,2,2660,2696,TPT
220,7,3,CON,3,2,1927,2019,TPTPT
221,1,4,CON,4,5-2,5746,5889,TPTPTPT
222,1,4,CON,4,5-2,6485,6597,TPTPT
223,1,4,CON,4,5-2,7734,7825,TPT
224,8,4,CON,3,2,1552,1692,TPTPTPTPT
225,8,4,CON,3,2,2201,2257,TPT
226,8,4,CON,3,2,2346,2530,TPTPTPTPT
227,5,4,HC,0,3,518,737,TPTPTPTPTPT
228,5,4,HC,0,3,1835,1945,TPTPT
229,5,4,HC,0,3,1978,1999,T
230,5,1,OR,1,4,780,902,TPTPT
231,5,1,OR,1,4,1551,1563,T
232,5,1,OR,1,4,1786,1831,TP
233,5,1,OR,1,4,1836,1901,TPTPTPT
234,7,5,OD,3,5-2,5501,5514,T
235,7,5,OD,3,5-2,5648,5775,TPTPTPT
236,6,2,OR,2,5-2,5214,5401,TPTPTPTPTPTPTPT
237,6,2,OR,2,5-2,5840,5880,T
238,6,2,OR,2,5-2,6078,6401,TPTPTPTPTPTPTPTPT
239,6,2,OR,2,5-2,7002,7072,TPTPT
240,6,2,OR,2,5-2,7510,7594,T
241,6,2,OR,2,5-2,7876,8043,TPTPTPTPTPT
242,13,4,OD,4,5-1,3234,3315,T
243,13,4,OD,4,5-1,3744,3886,TPTPTPT
244,13,4,OD,4,5-1,3920,4024,TPTPT
245,13,4,OD,4,5-1,4050,4080,TPT
246,13,4,OD,4,5-1,4628,4755,TPTPTPTPT
247,2,3,CON,2,5-0,1661,1713,T
248,2,3,CON,2,5-0,1996,2100,TPTPT
249,2,3,CON,2,5-0,2588,2600,T
250,4,4,OD,1,5-0,1455,1575,TPTPTPT
251,8,6,OD,3,5-0,1564,1682,TPTPTPTPT
252,8,6,OD,3,5-0,2160,2223,T
253,1,4,HC,2,1,1084,1187,TPTPTPTP
254,1,4,HC,2,1,1821,1873,T
255,1,4,HC,2,1,2413,2437,T
256,1,4,HC,2,1,2655,2699,TPTPT
257,4,3,OR,4,5-1,3184,3214,T
258,4,3,OR,4,5-1,3475,3494,T
259,4,3,OR,4,5-1,3656,3663,T
260,4,3,OR,4,5-1,3718,3867,TPTPTPT
261,4,3,OR,4,5-1,4143,4151,T
262,4,3,OR,4,5-1,4352,4476,TPTPTPT
263,4,3,OR,4,5-1,4557,4570,T
264,4,3,OR,4,5-1,4939,4961,T
265,4,3,OR,4,5-1,5218,5235,T
266,3,6,OD,1,5-0,1000,1163,TPTPT
267,3,6,OD,1,5-0,2088,2243,TPTPT
268,1,2,OR,4,4,663,787,TPTPT
269,1,2,OR,4,4,826,851,TPT
270,1,2,OR,4,4,871,981,TPTPTPT
271,1,2,OR,4,4,1989,2026,TPT
272,1,2,OR,4,4,2068,2170,TPTPTPT
273,1,2,OR,4,4,2206,2248,T
274,6,2,OD,4,3,925,1120,TPTPTPTPTPTPTPTPT
275,6,2,OD,4,3,1153,1212,T
276,6,2,OD,4,3,1248,1350,TPT
277,6,2,OD,4,3,2477,2562,TPTPTPTPTPT
278,1,2,OD,2,3,1197,1205,T
279,1,2,OD,2,3,1379,1386,T
280,1,2,OD,2,3,1487,1582,TPTPTPT
281,1,2,OD,2,3,1641,1655,T
282,4,1,CON,4,2,1117,1226,TPT
283,4,1,CON,4,2,1970,1991,T
284,4,1,CON,4,2,2452,2646,TPTPTPTPTPT
285,6,1,HC,2,4,812,950,TPTPTPTPTPT
286,6,1,HC,2,4,1215,1236,T
287,6,1,HC,2,4,1429,1629,TPTPTPTPT
288,6,1,HC,2,4,2388,2618,TPTPTPT
289,6,1,HC,2,4,2648,2710,TPT
290,9,6,OD,2,3,1048,1067,T
291,9,6,OD,2,3,1456,1471,T
292,9,6,OD,2,3,1742,1907,TPTPTPTPTPTPT
293,9,6,OD,2,3,2397,2474,TPTPT
294,3,3,OR,0,4,1578,1703,TPTPTPTPTPT
295,3,3,OR,0,4,2687,2699,T
296,4,17,HC,0,3,2522,2616,TPTPT
297,6,2,OR,2,4,1535,1720,T
298,6,2,OR,2,4,2265,2377,TPTPT
299,5,14,OR,0,4,1168,1293,TPT
300,5,14,OR,0,4,1932,2002,T
301,5,14,OR,0,4,2645,2699,TPTPTPTPTP
302,4,5,OD,3,5-2,5601,5615,T
303,4,5,OD,3,5-2,5841,5860,T
304,4,5,OD,3,5-2,5899,5974,TPTPTPTPTPT
305,4,5,OD,3,5-2,5992,6030,T
306,4,5,OD,3,5-2,6056,6099,T
307,4,5,OD,3,5-2,6414,6439,TPT
308,4,5,OD,3,5-2,7056,7121,TPT
309,4,5,OD,3,5-2,7421,7425,T
310,4,5,OD,3,5-2,7458,7484,T
311,4,5,OD,3,5-2,7535,7558,TPT
312,9,4,OD,4,3,614,636,TPT
313,9,4,OD,4,3,686,778,TPTPTPT
314,9,4,OD,4,3,795,851,T
315,9,4,OD,4,3,1327,1559,TPTPTPTPT
316,9,4,OD,4,3,1595,1663,T
317,9,4,OD,4,3,2467,2490,T
318,9,4,OD,4,3,2535,2568,TPTPT
319,9,4,OD,4,3,2627,2644,T
320,7,5,OD,3,3,2179,2250,TPT
321,7,5,OD,3,3,2261,2307,TPT
322,7,5,OD,3,3,2333,2457,TPTPTPT
323,8,6,OD,3,5-1,3566,3679,TPTPTPT
324,11,2,OD,4,4,1283,1407,TPTPT
325,11,2,OD,4,4,1864,1892,T
326,11,2,OD,4,4,2083,2128,T
327,11,2,OD,4,4,2188,2315,TPTPTPT
328,3,6,OD,1,1,1408,1481,TPT
329,3,6,OD,1,1,2309,2472,TPTPTPT
330,6,3,HC,4,5-3,8378,8421,TPT
331,11,4,OR,4,3,508,518,T
332,11,4,OR,4,3,736,900,TPTPTPT
333,11,4,OR,4,3,928,1012,TPT
334,11,4,OR,4,3,1791,1928,TPTPTPTPTPT
335,11,4,OR,4,3,1961,2026,TPTPT
336,5,8,HC,0,4,657,711,T
337,5,8,HC,0,4,736,804,TPTPT
338,5,8,HC,0,4,821,860,TPT
339,5,8,HC,0,4,1669,1783,TPTPTPT
340,5,8,HC,0,4,1873,1914,T
341,1,1,CON,2,5-0,1291,1302,T
342,1,1,CON,2,5-0,1595,1622,T
343,1,1,CON,2,5-0,1679,1734,TPTPT
344,1,1,CON,2,5-0,2581,2646,T
345,9,4,CON,2,4,752,775,T
346,9,4,CON,2,4,1142,1265,TPTPTPTPT
347,9,4,CON,2,4,1823,1838,T
348,9,4,CON,2,4,2041,2090,TPT
349,9,4,CON,2,4,2117,2234,TPTPT
350,4,5,OD,3,5-0,1340,1364,T
351,4,5,OD,3,5-0,1371,1443,TPTPTPT
352,4,5,OD,3,5-0,1646,1655,T
353,4,5,OD,3,5-0,1744,1773,T
354,4,5,OD,3,5-0,1933,1963,T
355,4,5,OD,3,5-0,2223,2249,T
356,4,5,OD,3,5-0,2460,2521,TPT
357,6,5,OR,4,1,2448,2491,TPT
358,9,4,CON,2,2,1388,1402,T
359,9,4,CON,2,2,1751,1821,TPT
360,9,4,CON,2,2,2366,2533,TPTPTPTPTPTPTPT
361,6,4,CON,4,5-1,3586,4016,TPTPTPTPTPTPTPTPTPT
362,6,4,CON,4,5-1,4773,4877,TPTPT
363,9,1,HC,2,1,1544,1603,T
364,9,1,HC,2,1,2246,2408,TPTPTPTPTPT
365,3,4,OD,0,5-2,5570,5620,TPTPT
366,3,4,OD,0,5-2,5969,6034,TPTPTPT
367,3,4,OD,0,5-2,6648,6758,T
368,3,4,OD,0,5-2,7076,7156,T
369,13,1,CON,4,2,1645,1776,TPTPTPT
370,13,1,CON,4,2,2340,2404,T
371,3,4,OD,4,5-3,8491,8537,T
372,3,4,OD,4,5-3,8895,8910,T
373,3,4,OD,4,5-3,9555,9658,TPTPT
374,4,4,OD,1,3,1485,1500,T
375,4,6,OD,4,5-0,2246,2366,TPTPTPT
376,5,2,OR,0,5-0,1043,1185,TPTPT
377,5,2,OR,0,5-0,2141,2199,TPTPT
378,4,4,OR-N,4,5-1,4670,4799,TPTPTPTPT
379,6,2,OD,4,5-0,1186,1251,TPTPT
380,6,2,OD,4,5-0,1310,1354,T
381,6,2,OD,4,5-0,1457,1555,PTPTPT
382,6,2,OD,4,5-0,2624,2684,TPTPT
383,1,2,OR,4,3,1282,1342,TPTPT
384,1,2,OR,4,3,1375,1394,TPT
385,1,2,OR,4,3,1755,1853,TPT
386,13,1,CON,4,3,2225,2231,T
387,4,6,OR,3,1,1353,1407,TPT
388,4,6,OR,3,1,1844,1888,T
389,4,6,OR,3,1,1915,2023,TPTPTPT
390,4,6,OR,3,1,2171,2202,T
391,4,6,OR,3,1,2674,2705,TPT
392,3,4,OD,0,3,1644,1688,TPT
393,3,4,OD,0,3,1712,1803,TPT
394,6,1,HC,2,5-2,5304,5438,TPTPT
395,6,1,HC,2,5-2,5720,5766,T
396,6,1,HC,2,5-2,6000,6140,TPTPT
397,6,1,HC,2,5-2,7496,7587,TPTPT
398,6,1,HC,2,5-2,7858,7948,TPT
399,6,5,OR,4,5-0,1122,1169,PTPT
400,6,5,OR,4,5-0,1283,1348,TPT
401,1,4,HC,2,3,1987,2024,TPT
402,1,4,HC,2,3,2111,2165,T
403,1,4,HC,2,3,2196,2258,T
404,1,4,HC,2,3,2552,2671,TPTPTPTPTPT
405,1,1,OD,4,5-0,1194,1435,TPTPTPTPTPTPTPT
406,1,1,OD,4,5-0,2460,2528,T
407,1,1,OD,4,5-0,2552,2631,TPTPT
408,3,6,HC,4,4,714,860,TPTPTPT
409,3,6,HC,4,4,1496,1520,TPT
410,3,6,HC,4,4,2486,2527,T
411,3,6,HC,4,4,2634,2672,TPT
412,3,14,HC,3,5-2,6221,6273,TPTPT
413,3,14,HC,3,5-2,6517,6597,TPT
414,11,3,HC,4,1,2447,2463,T
415,2,1,OD,2,2,1303,1307,T
416,2,1,OD,2,2,2367,2460,TPTPT
417,2,2,OR,2,5-2,6268,6319,TPT
418,2,2,OR,2,5-2,6618,6623,T
419,2,2,OR,2,5-2,6825,6851,T
420,4,3,CON,3,4,1010,1058,T
421,4,3,CON,3,4,1392,1400,T
422,4,3,CON,3,4,1569,1602,TPT
423,4,3,CON,3,4,1838,1884,TPTPTPTPT
424,4,3,CON,3,4,1931,2019,TPTPTPT
425,4,3,CON,3,4,2196,2211,T
426,4,3,CON,3,4,2663,2700,T
427,3,4,OD,4,5-1,2702,2764,TPT
428,3,4,OD,4,5-1,2786,2992,TPTPTPTPT
429,3,4,OD,4,5-1,3400,3455,T
430,3,4,OD,4,5-1,3496,3602,TPTPT
431,3,4,OD,4,5-1,4477,4568,TPTPTPTPT
432,3,4,OD,4,5-1,4613,4693,T
433,2,2,OR,2,5-0,1599,1670,T
434,2,2,OR,2,5-0,1975,2003,TP
435,2,2,OR,2,5-0,2085,2119,T
436,2,2,OR,2,5-0,2446,2543,TPTPTPTPT
437,3,2,HC,0,4,1724,1781,TPT
438,3,2,HC,0,4,2392,2496,PTPT
439,2,3,CON,2,3,928,951,TPT
440,2,3,CON,2,3,1367,1374,T
441,2,3,CON,2,3,1552,1580,TPT
442,2,3,CON,2,3,1750,1788,T
443,2,3,CON,2,3,1844,1889,T
444,2,3,CON,2,3,1908,1991,TPTPT
445,2,3,CON,2,3,2000,2039,TPT
446,2,3,CON,2,3,2057,2085,T
447,4,1,CON,4,5-0,1190,1331,TPTPTPTPTPT
448,4,1,CON,4,5-0,1987,2041,TPT
449,11,1,CON,4,5-2,5701,5709,TPT
450,11,1,CON,4,5-2,5825,5926,TPTPTPTPTPT
451,11,1,CON,4,5-2,5962,5971,T
452,11,1,CON,4,5-2,5997,6025,T
453,11,1,CON,4,5-2,6186,6241,TPTPTPT
454,11,1,CON,4,5-2,6425,6540,TPT
455,11,1,CON,4,5-2,6873,6880,T
456,11,1,CON,4,5-2,7756,7763,T
457,1,3,HC,4,3,825,860,TPTPT
458,1,3,HC,4,3,975,1037,TPTPT
459,1,3,HC,4,3,1045,1076,T
460,1,3,HC,4,3,2579,2605,T
461,6,7,OR-N,4,5-2,6332,6498,TPTPTPTPT
462,6,7,OR-N,4,5-2,7913,7967,PT
463,4,9,HC,0,5-3,9115,9158,T
464,4,9,HC,0,5-3,9521,9614,TPTPT
465,4,9,HC,0,5-3,9834,9866,T
466,3,3,OR,0,5-2,5623,5768,TPTPTPT
467,3,3,OR,0,5-2,6663,6726,TPT
468,3,3,OR,0,5-2,6777,6844,TPT
469,3,3,OR,0,5-2,7711,7787,PT
470,3,3,OR,0,5-2,7809,7851,T
471,13,2,HC,4,5-3,8315,8323,T
472,13,2,HC,4,5-3,8594,8696,TPTPTPTP
473,13,2,HC,4,5-3,9150,9187,T
474,4,4,HC,3,5-1,4035,4051,T
475,4,4,HC,3,5-1,4252,4320,T
476,4,4,HC,3,5-1,4579,4597,T
477,4,4,HC,3,5-1,4674,4769,TPT
478,4,4,HC,3,5-1,4856,4871,T
479,4,4,HC,3,5-1,4876,4881,T
480,4,4,HC,3,5-1,5102,5125,TPT
481,8,1,HC,3,5-3,9155,9198,TPT
482,8,1,HC,3,5-3,9835,9942,T
483,4,2,HC,4,5-3,8643,8686,T
484,4,2,HC,4,5-3,8854,9028,TPTPTPTPT
485,4,2,HC,4,5-3,10139,10198,TPTPT
486,9,16,OR-N,4,5-3,8568,8670,TPTPT
487,9,16,OR-N,4,5-3,9410,9420,T
488,9,16,OR-N,4,5-3,9509,9564,TPT
489,9,16,OR-N,4,5-3,9948,10050,TPTPTPTPT
490,3,17,HC,0,4,917,1014,TPTPT
491,3,17,HC,0,4,2389,2477,TPT
492,11,3,HC,4,4,1469,1485,TPT
493,11,3,HC,4,4,1557,1680,TPTPT
494,11,3,HC,4,4,2083,2176,TPTPT
495,11,3,HC,4,4,2682,2697,T
496,3,2,HC,0,5-2,6652,6702,TPT
497,3,2,HC,0,5-2,7916,8059,TPTPT
498,4,3,OR,1,5-3,9195,9301,TPTPT
499,5,14,OR,0,2,1517,1616,TPTPTPT
500,5,17,HC,1,5-3,8469,8566,TPT
501,5,17,HC,1,5-3,9099,9181,TPTPT
502,3,14,HC,3,5-3,10028,10130,TPTPTPT
503,3,14,HC,3,5-3,10615,10658,T
504,4,1,CON,4,5-2,5534,5582,TPT
505,4,1,CON,4,5-2,5615,5745,TPTPT
506,4,1,CON,4,5-2,7790,7843,T
507,9,16,OR-N,4,5-0,1116,1202,TPTPTPT
508,9,16,OR-N,4,5-0,1940,1994,TPT
509,9,16,OR-N,4,5-0,2550,2584,T
510,3,6,HC,4,1,2057,2114,TPTPT
511,13,1,CON,4,5-2,6901,7004,TPTPTPT
512,8,6,OD,3,5-3,9845,9937,T
513,8,6,OD,3,5-3,10474,10479,T
514,8,6,OD,3,5-3,10481,10574,TPTPT
515,3,16,OR,1,3,1596,1632,T
516,3,16,OR,1,3,2177,2307,T
517,1,2,OD,2,5-2,5936,5982,T
518,11,1,CON,4,5-1,2814,2902,TPTPTPT
519,11,1,CON,4,5-1,3622,3631,T
520,6,2,OD,4,5-1,2690,2874,TPTPTPTPTPT
521,6,2,OD,4,5-1,3868,3893,TPT
522,6,2,OD,4,5-1,3895,4046,TPT
523,6,2,OD,4,5-1,4069,4144,T
524,6,2,OD,4,5-1,4183,4203,TPT
525,6,2,OD,4,5-1,5339,5398,TPTPTPTPT
526,3,8,HC,0,4,713,843,TPTPT
527,3,8,HC,0,4,1578,1740,TPTPTPTPTPT
528,3,8,HC,0,4,2425,2493,TPT
529,4,5,OD,3,5-3,9802,9860,T
530,4,5,OD,3,5-3,9898,9919,T
531,4,5,OD,3,5-3,9924,9936,T
532,4,5,OD,3,5-3,10141,10184,T
533,4,5,OD,3,5-3,10509,10514,T
534,5,16,OR,1,5-3,9500,9575,TPTPT
535,5,16,OR,1,5-3,10137,10201,TPTPT
536,5,16,OR,1,5-3,10846,10937,PTPTPTPTPTPT
537,3,3,OR,0,5-0,1945,1997,PTPT
538,3,3,OR,0,5-0,2555,2612,TPTPT
539,6,4,CON,4,4,516,554,T
540,6,4,CON,4,4,757,1057,TPTPTPTPTPTPTPT
541,6,4,CON,4,4,1487,1517,T
542,6,4,CON,4,4,1644,1776,TPTPTPTPT
543,6,4,CON,4,4,2215,2242,T
544,5,5,OD,1,4,1100,1159,TPTPTPT
545,5,5,OD,1,4,1692,1804,PTPT
546,13,3,OR,4,5-1,2792,2877,TPT
547,13,3,OR,4,5-1,2886,2983,TPTPT
548,13,3,OR,4,5-1,3001,3030,T
549,13,3,OR,4,5-1,5223,5309,PTPTPT
550,9,6,OD,2,2,1816,1843,T
551,9,6,OD,2,2,2257,2263,T
552,9,6,OD,2,2,2392,2406,T
553,13,2,HC,4,5-1,3281,3345,T
554,1,2,OD,2,2,1885,2000,TPT
555,1,2,OD,2,2,2861,2875,T
556,3,3,OR,3,2,1765,1836,TPT
557,3,3,OR,3,2,2151,2246,TPTPT
558,9,3,HC,4,3,544,603,T
559,9,3,HC,4,3,951,1089,TPTPTPT
560,9,3,HC,4,3,1594,1664,TPTPT
561,9,3,HC,4,3,1760,1906,TPTPTPTPT
562,9,3,HC,4,3,2344,2387,T
563,3,2,CON,4,5-0,1120,1278,TPTPTPTPTPT
564,3,2,CON,4,5-0,1640,1717,TPT
565,3,2,CON,4,5-0,1783,1843,T
566,4,5,HC,0,5-1,4185,4308,TPTPTPT
567,4,5,HC,0,5-1,4583,4701,TPTPTPT
568,3,9,HC,1,5-2,5433,5478,T
569,3,9,HC,1,5-2,7019,7044,TPT
570,9,2,CON,4,2,980,1003,T
571,9,2,CON,4,2,1140,1161,T
572,9,2,CON,4,2,1182,1319,TPTPTPTPTPT
573,9,2,CON,4,2,1445,1452,TP
574,9,2,CON,4,2,2506,2528,TPT
575,9,2,CON,4,2,2582,2644,T
576,9,2,CON,4,2,2661,2694,T
577,13,3,OR,4,5-0,1716,1823,TPTPT
578,13,3,OR,4,5-0,2431,2480,T
579,6,1,HC,2,2,889,904,T
580,6,1,HC,2,2,1306,1360,TPT
581,6,1,HC,2,2,2319,2478,TPTPTPTPTPT
582,8,2,OR,3,5-0,948,1076,TPTPT
583,8,2,OR,3,5-0,1699,1805,TPTPTPTPTPT
584,6,1,HC,2,5-1,3451,3515,PTPTPTPTPT
585,6,1,HC,2,5-1,3576,3613,T
586,6,1,HC,2,5-1,4856,4869,T
587,6,1,HC,2,5-1,5001,5020,T
588,1,3,OR,2,5-0,1920,1937,T
589,3,3,OR,3,5-1,2941,3071,TPTPTPT
590,3,3,OR,3,5-1,3621,3728,TPTPT
591,3,7,HC,1,4,1585,1687,TPTPTPTPTPTPT
592,3,7,HC,1,4,1723,1783,T
593,3,7,HC,1,4,1844,1910,T
594,3,7,HC,1,4,2618,2673,TPT
595,7,1,HC,3,5-1,2564,2736,TPTPTPTPTPT
596,7,1,HC,3,5-1,4750,4763,T
597,7,1,HC,3,5-1,4998,5009,T
598,5,7,HC,1,5-2,7233,7280,TPTPT
599,5,7,HC,1,5-2,7703,7760,T
600,5,7,HC,1,5-2,7872,7944,T
601,9,6,OD,2,5-3,9322,9360,T
602,9,6,OD,2,5-3,9600,9609,T
603,9,6,OD,2,5-3,9730,9734,T
604,9,6,OD,2,5-3,9919,10023,TPTPTPTPT
605,3,2,CON,4,5-3,7996,8100,TPTPTPTPT
606,3,2,CON,4,5-3,10160,10236,PT
607,3,2,CON,4,5-3,10894,10921,TPT
608,1,4,CON,4,5-3,8218,8329,TPTPT
609,1,4,CON,4,5-3,8942,8976,PT
610,1,4,CON,4,5-3,9456,9476,TPT
611,1,4,CON,4,5-3,9497,9599,TPTPTPTPT
612,1,4,CON,4,5-3,9635,9691,TPT
613,4,1,OR,0,5-0,1457,1491,T
614,4,1,OR,0,5-0,1584,1672,TPTPTPTPT
615,4,1,OR,0,5-0,2291,2447,TPTPTPTPT
616,7,2,OR,3,3,2213,2325,TPTPT
617,13,4,OD,4,5-2,5394,5530,TPTPTPTPTPT
618,13,4,OD,4,5-2,6037,6066,T
619,13,4,OD,4,5-2,6132,6154,T
620,13,4,OD,4,5-2,6157,6161,T
621,6,3,HC,4,3,999,1007,T
622,6,3,HC,4,3,1267,1309,TPT
623,6,3,HC,4,3,1777,1944,TPTPTPTPTPTPT
624,6,3,HC,4,3,2672,2698,T
625,9,3,OR,2,1,2208,2304,TPT
626,4,3,OR,1,5-1,2940,3028,TPTPT
627,4,3,OR,1,5-1,3449,3501,T
628,4,3,OR,1,5-1,4140,4227,TPTPTPTPT
629,4,3,OR,1,5-1,4342,4383,T
630,13,4,OD,4,5-0,1781,1864,TPTPT
631,13,4,OD,4,5-0,2252,2391,T
632,7,1,HC,3,3,1160,1250,TPTPTPT
633,7,1,HC,3,3,1681,1698,T
634,7,1,HC,3,3,2051,2271,TPTPTPTPT
635,5,14,OR,0,3,1420,1504,TPT
636,5,14,OR,0,3,2084,2200,TPTPTPT
637,13,1,CON,4,5-3,9575,9697,TPTPT
638,13,1,CON,4,5-3,10135,10219,TPTPT
639,2,3,CON,2,5-3,8373,8381,T
640,2,3,CON,2,5-3,8389,8411,T
641,4,5,OD,3,1,1352,1387,T
642,4,5,OD,3,1,1645,1724,T
643,4,5,OD,3,1,2011,2157,TPTPTPTPTPT
644,4,5,OD,3,1,2351,2471,TPTPTPTPT
645,4,6,OD,0,2,2444,2557,TPTPT
646,4,7,HC,1,5-3,8332,8407,T
647,4,7,HC,1,5-3,8474,8508,PTPT
648,9,6,OD,2,4,1138,1193,T
649,9,6,OD,2,4,2144,2186,TPT
650,9,6,OD,2,4,2508,2649,TPTPTPTPT
651,2,4,HC,2,2,854,874,TPT
652,2,4,HC,2,2,986,1018,T
653,2,4,HC,2,2,1399,1459,TPTPT
654,2,4,HC,2,2,1519,1568,TPT
655,2,4,HC,2,2,1587,1697,TPTPTPTPTPT
656,2,4,HC,2,2,1722,1767,T
657,2,4,HC,2,2,2411,2423,T
658,4,3,CON,3,1,1625,1643,T
659,4,3,CON,3,1,1800,1838,T
660,4,3,CON,3,1,1972,2024,TPT
661,1,3,HC,4,5-0,940,1074,TPTPTPT
662,4,6,OD,4,5-2,5353,5477,TPTPTPT
663,4,6,OD,4,5-2,7673,7770,TPTPT
664,5,2,OR,0,1,2203,2292,TPT
665,1,4,CON,4,5-1,3376,3483,TPTPT
666,1,4,CON,4,5-1,4364,4414,TPTPT
667,1,4,CON,4,5-1,4451,4476,T
668,1,4,CON,4,5-1,4553,4563,T
669,2,2,OR,2,2,1047,1062,T
670,2,2,OR,2,2,1691,1733,TPT
671,2,2,OR,2,2,1998,2015,T
672,2,2,OR,2,2,2386,2404,T
673,4,6,OD,0,5-0,979,1189,PTPTPTPT
674,4,6,OD,0,5-0,2081,2195,TPTPTPTPT
675,4,6,OD,0,5-0,2235,2258,T
676,5,7,HC,1,4,844,874,TPT
677,5,7,HC,1,4,1549,1662,TPTPTPT
678,5,7,HC,1,4,1689,1815,TPT
679,3,6,HC,4,2,1865,1905,TPT
680,3,6,HC,4,2,1939,1986,TPT
681,3,6,HC,4,2,2515,2531,T
682,3,6,HC,4,2,2668,2702,TPT
683,9,10,OR,4,2,1161,1228,TPTPT
684,9,10,OR,4,2,1331,1350,T
685,9,10,OR,4,2,1541,1576,T
686,9,10,OR,4,2,1597,1623,TPTPT
687,9,10,OR,4,2,1909,1985,TPT
688,9,10,OR,4,2,2432,2524,TPTPTPT
689,6,10,OD,4,4,860,944,TPTPT
690,6,10,OD,4,4,1739,1794,TPT
691,6,10,OD,4,4,2321,2446,TPTPTPTPTPT
692,6,2,OR,2,5-3,8499,8524,T
693,6,2,OR,2,5-3,8615,8619,T
694,6,2,OR,2,5-3,8829,8927,TPTPT
695,6,2,OR,2,5-3,8961,9042,TPTPT
696,6,2,OR,2,5-3,9332,9421,TPTPT
697,3,9,HC,1,5-3,10446,10502,TPTPT
698,3,6,OD,1,3,1371,1407,TPT
699,3,6,OD,1,3,1452,1591,TPT
700,3,5,OR-N,4,5-1,3175,3348,TPTPTPTPTPT
701,3,5,OR-N,4,5-1,3760,3836,TPT
702,3,5,OR-N,4,5-1,3868,3982,TPTPTPTPT
703,5,4,HC,0,2,1171,1212,T
704,5,4,HC,0,2,1260,1370,TPTPT
705,5,4,HC,0,2,2892,2924,PTPT
706,5,16,OR,1,5-0,1246,1376,TPTPTPTPT
707,5,16,OR,1,5-0,2388,2510,TPTPTPTPT
708,5,7,HC,1,5-0,976,1135,TPTPTPTPT
709,5,7,HC,1,5-0,1633,1643,T
710,5,7,HC,1,5-0,1747,1904,TPT
711,3,5,HC,0,5-0,1105,1172,TPTPTPTP
712,3,5,HC,0,5-0,2405,2496,T
713,4,6,OD,4,4,764,925,T
714,4,6,OD,4,4,961,1117,TPTPTPTPTPTPTPT
715,4,6,OD,4,4,1937,2101,TPTPTPT
716,3,7,HC,1,5-3,8480,8603,TPTPTPT
717,3,7,HC,1,5-3,9632,9757,TPTPTPTPTPTPTPT
718,3,7,HC,1,5-3,10369,10389,TPT
719,3,7,HC,1,5-3,10609,10677,T
720,11,2,OD,4,5-3,8176,8191,T
721,11,2,OD,4,5-3,8214,8250,T
722,11,2,OD,4,5-3,8264,8289,TPTPT
723,11,2,OD,4,5-3,8342,8442,TPTPT
724,11,2,OD,4,5-3,8945,9010,T
725,11,2,OD,4,5-3,9226,9304,T
726,11,2,OD,4,5-3,9796,9862,TPTPTPT
727,11,2,OD,4,5-3,9895,9937,T
728,11,2,OD,4,5-3,10640,10649,T
729,2,4,HC,2,4,1033,1153,TPTPT
730,2,4,HC,2,4,1279,1317,T
731,2,4,HC,2,4,1711,1728,T
732,2,4,HC,2,4,1830,1834,T
733,2,4,HC,2,4,1936,2039,TPT
734,2,4,HC,2,4,2266,2307,T
735,4,6,OR,3,5-1,2787,2800,T
736,4,6,OR,3,5-1,2905,2939,T
737,4,6,OR,3,5-1,3050,3127,TPT
738,4,6,OR,3,5-1,3165,3259,TPTPT
739,4,6,OR,3,5-1,3268,3303,T
740,6,2,OD,4,2,740,773,T
741,6,2,OD,4,2,1253,1374,TPTPT
742,6,2,OD,4,2,2430,2472,TPTPT
743,1,4,CON,4,2,1886,1949,TPTPT
744,4,3,OR,1,5-2,6354,6530,TPTPTPTPTPT
745,5,5,OD,1,5-0,920,1041,T
746,5,5,OD,1,5-0,1681,1745,T
747,5,5,OD,1,5-0,2199,2239,TPTPT
748,5,5,OD,1,5-0,2265,2378,TPT
749,5,5,OD,1,5-0,2422,2439,T
750,6,5,OR,4,5-2,5432,5738,TPTPTPTPTPTPTPTPTPT
751,6,5,OR,4,5-2,6355,6381,T
752,6,5,OR,4,5-2,6451,6460,T
753,6,5,OR,4,5-2,6732,6874,TPTPTPTPT
754,6,5,OR,4,5-2,7246,7452,TPTPT
755,9,3,HC,4,5-2,5448,5496,TPTP
756,9,3,HC,4,5-2,5542,5644,TPTPTPT
757,9,3,HC,4,5-2,6090,6138,TPT
758,9,3,HC,4,5-2,6191,6257,TPT
759,9,3,HC,4,5-2,6513,6563,T
760,9,3,HC,4,5-2,6626,6653,T
761,1,2,OR,4,5-1,2718,2831,TPTPTPTPTPT
762,1,2,OR,4,5-1,2901,2917,T
763,1,2,OR,4,5-1,2960,3009,TPT
764,1,2,OR,4,5-1,3955,4014,TPT
765,1,2,OR,4,5-1,4100,4262,TPTPTPTPT
766,1,2,OR,4,5-1,4935,4984,T
767,13,3,OR,4,4,832,1019,TPTPTPT
768,13,3,OR,4,4,1629,1663,TPT
769,13,3,OR,4,4,1749,1898,TPTPTPTPTPTPTPTPT
770,4,5,HC,0,4,2375,2484,PTPTPT
771,4,6,OD,0,5-3,8317,8335,T
772,4,6,OD,0,5-3,8602,8719,TPTPTPT
773,8,1,HC,3,5-1,4343,4372,TPT
774,8,1,HC,3,5-1,4623,4674,TPT
775,8,1,HC,3,5-1,4699,4766,T
776,8,1,HC,3,5-1,4839,4873,TPT
777,4,1,OR,0,5-1,3706,3746,T
778,4,1,OR,0,5-1,4128,4229,TPTPT
779,4,7,HC,1,5-1,3094,3220,TPTPT
780,4,7,HC,1,5-1,4065,4220,TPTPTPTPT
781,4,7,HC,1,5-1,4778,4813,T
782,4,7,HC,1,5-1,5174,5295,TPTPTPT
783,1,4,CON,4,5-0,1378,1470,TPTPTPT
784,1,4,CON,4,5-0,2219,2366,TPTPT
785,1,4,CON,4,5-0,2372,2473,TPT
786,1,4,CON,4,5-0,2519,2570,T
787,1,5,OR-N,4,4,2601,2661,PTPTPT
788,7,2,OR,3,5-1,2677,2755,TPTPTPTPT
789,7,2,OR,3,5-1,3192,3312,TPTPTPTPTPT
790,7,2,OR,3,5-1,4042,4192,TPT
791,7,2,OR,3,5-1,4231,4326,TPTPT
792,4,16,OR,0,5-0,1394,1508,TPT
793,4,16,OR,0,5-0,2173,2179,T
794,4,16,OR,0,5-0,2374,2487,TPTPTPTPTPTPT
795,11,1,CON,4,2,1574,1724,TPTPTPTPTPT
796,11,1,CON,4,2,2093,2145,T
797,6,5,OR,4,5-1,2660,2974,TPTPTPTPTPTPT
798,6,5,OR,4,5-1,3571,3584,T
799,6,5,OR,4,5-1,3960,3972,T
800,6,5,OR,4,5-1,4096,4115,T
801,6,5,OR,4,5-1,4226,4260,T
802,6,5,OR,4,5-1,4576,4685,TPTPTPT
803,6,5,OR,4,5-1,4743,4781,T
804,6,5,OR,4,5-1,5312,5336,T
805,6,5,OR,4,5-1,5377,5395,T
806,3,3,HC,4,5-1,2866,3020,TPTPTPT
807,3,3,HC,4,5-1,4399,4415,T
808,3,3,HC,4,5-1,4505,4663,TPTPTPTPT
809,9,4,CON,2,5-2,6143,6301,TPTPTPTPTPT
810,9,4,CON,2,5-2,6723,6743,TPT
811,9,4,CON,2,5-2,7140,7178,T
812,9,4,CON,2,5-2,7405,7616,TPTPTPTPT
813,5,7,HC,1,2,1149,1214,TPTPTPTPT
814,5,7,HC,1,2,1882,2059,TPTPT
815,5,7,HC,1,2,2632,2698,T
816,9,1,HC,2,5-3,9394,9419,PT
817,9,1,HC,2,5-3,9796,9863,TPT
818,9,1,HC,2,5-3,10181,10230,TPT
819,6,3,HC,4,5-0,800,941,TPTPTPTPT
820,6,4,CON,4,5-0,1226,1517,TPTPTPTPTPT
821,6,4,CON,4,5-0,2185,2384,TPTPTPTPTPTPTPT
822,6,4,OD,2,3,1948,1960,T
823,6,4,OD,2,3,2032,2122,TPTPT
824,5,1,OR,1,3,1890,1902,T
825,5,1,OR,1,3,1905,1961,TPTPTPT
826,11,4,OR,4,5-1,2536,2800,TPTPTPTPTPT
827,11,4,OR,4,5-1,3288,3308,T
828,11,4,OR,4,5-1,3350,3489,TPTPTPTPT
829,11,4,OR,4,5-1,3530,3569,T
830,11,4,OR,4,5-1,4460,4473,T
831,11,4,OR,4,5-1,4632,4679,T
832,11,4,OR,4,5-1,4719,4927,TPTPTPT
833,11,4,OR,4,5-1,5201,5206,T
834,9,6,OD,2,5-0,1328,1364,T
835,9,6,OD,2,5-0,1646,1751,TPTPT
836,9,6,OD,2,5-0,2103,2113,T
837,9,16,OR-N,4,5-1,2790,2919,TPTPTPTPT
838,9,16,OR-N,4,5-1,2973,3043,TPT
839,9,16,OR-N,4,5-1,3684,3776,TPTPT
840,9,16,OR-N,4,5-1,4482,4524,T
841,9,16,OR-N,4,5-1,4714,4860,TPTPTPTPT
842,3,9,HC,1,4,1651,1791,TPTPTPTPT
843,3,9,HC,1,4,2304,2366,T
844,4,3,OR,1,4,1290,1435,TPTPTPTPT
845,5,3,OD,0,3,995,1107,TPTPT
846,11,1,CON,4,3,846,897,TPT
847,11,1,CON,4,3,1206,1415,TPTPTPTPTPT
848,11,1,CON,4,3,1986,2010,T
849,11,1,CON,4,3,2360,2525,TPTPTPTPTPTP
850,3,5,CON,3,2,1272,1314,TPTPT
851,3,5,CON,3,2,1806,1965,TPTPTPTPT
852,5,5,OD,1,5-1,2932,2946,TPT
853,5,5,OD,1,5-1,3052,3077,T
854,5,5,OD,1,5-1,3135,3260,TPTPTPTPT
855,4,9,HC,0,4,1001,1110,TPTPT
856,4,9,HC,0,4,1946,2032,TPTPTPT
857,4,9,HC,0,4,2561,2719,TPTPTPTPTPTP
858,3,2,CON,4,4,1164,1195,TPT
859,3,2,CON,4,4,1272,1373,TPTPTP
860,3,2,CON,4,4,1395,1455,T
861,3,2,CON,4,4,2100,2170,TPTPT
862,1,4,HC,2,5-1,4974,4978,T
863,1,4,HC,2,5-1,5281,5366,TPTPTPT
864,13,11,OR-N,4,5-3,8581,8657,TPT
865,4,2,HC,4,5-0,669,678,T
866,4,2,HC,4,5-0,708,863,TPTPTPT
867,4,2,HC,4,5-0,1639,1731,TPTPTPT
868,4,2,HC,4,5-0,1764,1829,TPTPTPT
869,4,2,HC,4,5-0,1932,1969,T
870,7,2,OR,3,5-2,6831,6885,TPT
871,7,2,OR,3,5-2,7213,7289,TPTPTPT
872,9,2,CON,4,5-1,2937,2989,TPTPT
873,9,2,CON,4,5-1,3221,3258,T
874,9,2,CON,4,5-1,3617,3637,T
875,9,2,CON,4,5-1,3701,3837,TPTPTPT
876,1,4,HC,2,4,786,791,TP
877,1,4,HC,2,4,999,1207,TPTPT
878,1,4,HC,2,4,1851,1880,TPT
879,1,4,HC,2,4,2274,2364,TPTPTPTPTPT
880,1,4,HC,2,4,2400,2412,T
881,1,4,HC,2,4,2459,2468,T
882,1,4,HC,2,4,2478,2526,T
883,9,3,OR,2,4,821,997,TPT
884,9,3,OR,2,4,1602,1612,T
885,9,3,OR,2,4,1958,2148,TPTPTPTPTPT
886,4,3,OR,4,3,1748,1856,TPTPT
887,4,3,OR,4,3,2545,2565,T
888,6,1,HC,4,4,921,1068,TPTPTPTPTPT
889,6,1,HC,4,4,1477,1488,TPT
890,6,1,HC,4,4,1509,1651,TPT
891,6,1,HC,4,4,2401,2435,TPT
892,7,5,OD,3,4,1367,1515,TPTPTPTPTPT
893,7,5,OD,3,4,2366,2383,T
894,3,17,HC,0,5-1,3561,3649,TPT
895,9,4,OD,4,5-1,2958,3053,TPTPTPTPT
896,9,4,OD,4,5-1,3759,3837,TPTPT
897,9,4,OD,4,5-1,3859,4033,TPTPTPTPT
898,9,4,OD,4,5-1,5114,5156,T
899,4,6,OD,4,5-1,2859,2908,T
900,4,6,OD,4,5-1,3515,3640,TPTPTPT
901,4,6,OD,4,5-1,3851,3927,TPT
902,4,6,OD,4,5-1,4447,4469,TPT
903,4,6,OD,4,5-1,4501,4561,TP
904,1,4,HC,2,5-0,1375,1389,T
905,1,4,HC,2,5-0,1532,1645,TPTPTPTPT
906,1,4,HC,2,5-0,2002,2023,T
907,1,4,HC,2,5-0,2634,2664,TPT
908,1,2,OD,2,5-0,998,1009,TPT
909,1,2,OD,2,5-0,1267,1371,TPTPTPT
910,1,2,OD,2,5-0,1656,1677,T
911,1,2,OD,2,5-0,1972,2034,TPT
912,7,3,CON,3,5-0,1354,1380,T
913,7,3,CON,3,5-0,1539,1614,TPT
914,7,3,CON,3,5-0,2139,2217,TPTPT
915,7,3,CON,3,5-0,2505,2592,TPT
916,7,1,HC,3,2,1465,1522,TPTPT
917,7,1,HC,3,2,2124,2178,TPTPT
918,7,1,HC,3,2,2590,2699,TPTPT
919,3,6,HC,4,5-1,3161,3323,TPTPTPTPTPTPT
920,3,6,HC,4,5-1,4299,4358,T
921,9,3,HC,4,2,996,1010,T
922,9,3,HC,4,2,1075,1171,TPTPTPT
923,9,3,HC,4,2,1216,1225,T
924,9,3,HC,4,2,1407,1429,TPT
925,9,3,HC,4,2,1669,1736,TP
926,9,3,HC,4,2,1747,1826,TPTPT
927,9,3,HC,4,2,1877,1959,TPT
928,9,3,HC,4,2,2186,2216,T
929,9,3,HC,4,2,2437,2477,TPTPT
930,9,3,HC,4,2,2533,2681,TPTPTPTPTPT
931,6,2,OD,4,1,1834,1959,TPTPT
932,4,6,OD,0,3,1238,1247,T
933,4,6,OD,0,3,1509,1600,TPTPTPTPT
934,4,6,OD,0,3,2106,2249,TPTPT
935,8,4,CON,3,5-2,6031,6185,TPTPTPTPTPT
936,8,4,CON,3,5-2,7172,7254,TPT
937,8,4,CON,3,5-2,7477,7524,T
938,6,1,HC,2,5-3,10134,10161,T
939,6,1,HC,4,3,1704,1836,TPTPT
940,6,1,HC,4,3,2413,2485,TPTPT
941,5,17,HC,1,5-1,3774,3938,TPTPT
942,5,17,HC,1,5-1,4807,4901,TPTPT
943,4,7,HC,1,5-0,2184,2340,TPTPTPTPTPT
944,3,1,OR,1,5-2,7703,7803,TPTPTPT
945,4,2,HC,4,5-1,3027,3042,PT
946,4,2,HC,4,5-1,3055,3150,T
947,4,2,HC,4,5-1,3163,3345,T
948,4,2,HC,4,5-1,3385,3611,TPTPTPTPTPT
949,4,2,HC,4,5-1,3684,3714,T
950,4,2,HC,4,5-1,4187,4317,T
951,4,2,HC,4,5-1,5005,5135,TPTPTPTPTPT
952,1,4,CON,4,1,2165,2250,TPTPTPT
953,3,4,OD,4,5-2,8025,8044,T
954,5,8,HC,0,2,411,496,TPTPTPTPT
955,5,8,HC,0,2,1564,1620,TPTPTPT
956,5,8,HC,0,2,1625,1709,TPT
957,5,8,HC,0,2,2480,2653,TPTPT
958,3,4,OD,4,5-0,1317,1464,TPTPTPT
959,3,4,OD,4,5-0,1500,1559,TPTPT
960,3,4,OD,4,5-0,1938,2015,TPTPTP
961,3,5,OR-N,4,4,2209,2296,TPTPT
962,3,5,OR-N,4,4,2343,2404,T
963,6,4,OD,2,5-2,8059,8085,T
964,2,4,HC,2,5-0,750,766,T
965,2,4,HC,2,5-0,948,963,T
966,2,4,HC,2,5-0,1138,1183,TPTPT
967,4,5,OD,3,3,686,694,T
968,4,5,OD,3,3,884,963,TPTP
969,4,5,OD,3,3,978,1004,T
970,4,5,OD,3,3,1201,1316,TPTPTPT
971,4,5,OD,3,3,1326,1390,TPT
972,4,5,OD,3,3,1706,1730,T
973,4,5,OD,3,3,2091,2116,PT
974,4,5,OD,3,3,2172,2307,TPTPTPTPT
975,4,5,OD,3,3,2316,2352,TPT
976,4,5,OD,3,3,2384,2399,T
977,6,3,HC,4,5-1,2745,2881,TPTPTPTPT
978,6,3,HC,4,5-1,3440,3635,TPTPTPTPTPT
979,6,3,HC,4,5-1,3679,3733,T
980,6,3,HC,4,5-1,4277,4423,TPTPTPTPTPT
981,6,3,HC,4,5-1,4467,4493,T
982,4,3,OR,1,5-0,1589,1616,T
983,4,3,OR,1,5-0,1953,2100,TPTPTPT
984,6,3,CON,2,5-3,10204,10377,TPTPTPTPTPT
985,6,3,CON,2,5-3,10669,10718,T
986,5,6,HC,1,5-3,8467,8494,T
987,6,4,CON,4,5-3,8016,8130,TPT
988,6,4,CON,4,5-3,9398,9433,T
989,4,9,HC,0,3,1599,1722,TPTPTPT
990,5,6,HC,1,5-1,3713,3822,TPTPTPTPT
991,11,2,OD,4,2,668,756,TPT
992,11,2,OD,4,2,1510,1653,TPTPT
993,11,2,OD,4,2,2263,2288,T
994,11,2,OD,4,2,2619,2695,TPTPTPTP
995,2,4,HC,2,5-1,3073,3090,T
996,2,4,HC,2,5-1,3118,3196,TPT
997,2,4,HC,2,5-1,3281,3291,T
998,2,4,HC,2,5-1,3302,3312,T
999,2,4,HC,2,5-1,3574,3614,T
1000,2,4,HC,2,5-1,3883,3970,TPT
1001,2,4,HC,2,5-1,3991,4010,T
1002,2,4,HC,2,5-1,4496,4550,TPTPTPT
1003,2,4,HC,2,5-1,4833,4840,T
1004,2,4,HC,2,5-1,5041,5133,TPTPTPT
1005,5,5,OD,1,2,1452,1477,TPTPTPT
1006,5,5,OD,1,2,1957,2026,T
1007,6,6,HC,4,1,427,551,TPTPTPT
1008,6,6,HC,4,1,806,878,TPTPT
1009,6,6,HC,4,1,1495,1499,T
1010,6,6,HC,4,1,1675,1706,T
1011,6,6,HC,4,1,1721,1801,TPTPT
1012,6,6,HC,4,1,1817,1866,TPTPTPT
1013,6,6,HC,4,1,1887,2052,TPTPT
1014,6,6,HC,4,1,2064,2106,T
1015,3,17,HC,0,5-0,697,774,TPT
1016,3,17,HC,0,5-0,812,822,T
1017,3,17,HC,0,5-0,865,943,T
1018,3,17,HC,0,5-0,2218,2301,TPTPTPT
1019,9,3,HC,4,5-0,1058,1122,T
1020,9,3,HC,4,5-0,1565,1620,T
1021,9,3,HC,4,5-0,1681,1701,T
1022,9,3,HC,4,5-0,2058,2120,TPTPTPTPT
1023,9,3,HC,4,5-0,2141,2190,TPT
1024,9,3,HC,4,5-0,2214,2266,TPTPTPT
1025,9,3,HC,4,5-0,2285,2355,T
1026,9,4,OD,4,4,535,584,TPTP
1027,9,4,OD,4,4,597,771,TPT
1028,9,4,OD,4,4,1681,1740,T
1029,9,4,OD,4,4,1769,1926,TPTPTPTPTPTPT
1030,9,4,OD,4,4,1943,2035,TPT
1031,9,4,OD,4,4,2686,2697,T
1032,1,4,CON,4,3,1209,1230,TPT
1033,1,4,CON,4,3,1243,1301,T
1034,1,4,CON,4,3,1352,1371,T
1035,1,4,CON,4,3,1379,1409,T
1036,1,4,CON,4,3,2063,2085,TPT
1037,1,4,CON,4,3,2098,2179,TPTPT
1038,1,4,CON,4,3,2191,2238,TPT
1039,4,2,HC,4,5-2,7961,7976,T
1040,4,3,CON,3,5-0,723,802,TPTPT
1041,4,3,CON,3,5-0,1078,1086,T
1042,4,3,CON,3,5-0,1267,1278,T
1043,4,3,CON,3,5-0,1306,1323,T
1044,4,3,CON,3,5-0,1387,1524,TPTPT
1045,4,3,CON,3,5-0,1589,1596,T
1046,4,3,CON,3,5-0,2211,2284,TPT
1047,4,3,CON,3,5-0,2478,2596,TPTPTPTPTPTPTPT
1048,1,3,HC,4,4,623,696,TPT
1049,1,3,HC,4,4,1576,1647,TPT
1050,1,3,HC,4,4,1783,1822,T
1051,8,2,OR,3,2,2282,2353,TPT
1052,6,10,OD,4,5-3,8139,8151,T
1053,6,10,OD,4,5-3,8372,8425,T
1054,6,10,OD,4,5-3,8490,8494,T
1055,4,6,OR,3,3,649,688,T
1056,4,6,OR,3,3,1028,1098,TPT
1057,4,6,OR,3,3,1541,1547,T
1058,4,6,OR,3,3,1582,1646,T
1059,4,6,OR,3,3,1675,1711,PT
1060,4,6,OR,3,3,1885,1914,T
1061,4,6,OR,3,3,1995,2024,TPT
1062,4,6,OR,3,3,2128,2227,TPTPTPTPT
1063,4,6,OR,3,3,2232,2243,T
1064,4,6,OR,3,3,2248,2267,T
1065,4,6,OR,3,3,2541,2560,TPT
1066,7,3,CON,3,3,1370,1492,TPTPT
1067,7,3,CON,3,3,1546,1558,T
1068,7,3,CON,3,3,2237,2303,T
1069,8,2,OR,3,3,1659,1698,T
1070,8,2,OR,3,3,2102,2208,TPT
1071,8,2,OR,3,3,2287,2419,TPTPTPTPT
1072,3,5,CON,3,1,1714,1723,T
1073,3,5,CON,3,1,1900,1985,T
1074,3,5,CON,3,1,2449,2454,TP
1075,3,6,OD,1,5-2,5543,5638,T
1076,3,6,OD,1,5-2,5920,5971,T
1077,3,6,OD,1,5-2,6108,6134,T
1078,3,6,OD,1,5-2,6496,6534,TPTPTPTPT
1079,3,6,OD,1,5-2,6815,6824,T
1080,3,6,OD,1,5-2,7366,7380,T
1081,1,5,OR-N,4,5-2,6251,6255,T
1082,1,5,OR-N,4,5-2,6627,6792,TPTPTPTPT
1083,1,5,OR-N,4,5-2,7555,7674,TPTPTPTPT
1084,1,5,OR-N,4,5-2,7696,7774,T
1085,9,2,CON,4,5-3,8436,8446,T
1086,5,2,OR,0,5-1,2608,2794,TPTPTPT
1087,4,5,HC,0,5-2,5351,5418,T
1088,4,5,HC,0,5-2,6388,6440,TPTPTPT
1089,4,5,HC,0,5-2,7623,7638,T
1090,6,10,OD,4,5-2,5403,5464,TPTPTPT
1091,6,10,OD,4,5-2,6178,6232,T
1092,6,10,OD,4,5-2,6586,6776,TPTPTPTPT
1093,6,10,OD,4,5-2,7238,7293,TPT
1094,6,10,OD,4,5-2,7317,7501,TPTPTPTPTPT
1095,6,10,OD,4,5-2,7523,7590,T
1096,4,8,HC,1,5-2,5618,5690,TPT
1097,4,8,HC,1,5-2,7076,7221,TPTPTPT
1098,4,8,HC,1,5-2,7543,7576,T
1099,4,8,HC,1,5-2,7827,7880,T
1100,4,9,HC,0,5-2,7028,7106,TPTPT
1101,1,5,OR-N,4,5-0,1738,1758,T
1102,1,5,OR-N,4,5-0,2483,2525,TPT
1103,9,3,HC,4,1,545,598,T
1104,9,3,HC,4,1,647,688,TPT
1105,9,3,HC,4,1,935,1004,TPT
1106,9,3,HC,4,1,1336,1473,TPTPTPTP
1107,1,2,OR,4,5-0,1538,1607,TPT
1108,9,4,OD,4,5-2,5294,5531,TPTPTPTPTPTPTPTPT
1109,9,4,OD,4,5-2,7392,7487,T
1110,5,6,HC,1,5-2,6707,6725,T
1111,5,6,HC,1,5-2,7510,7631,TPTPTPTPTPT
1112,4,4,OD,1,5-2,6072,6237,TPTPTPTPTPT
1113,4,4,OD,1,5-2,6502,6566,T
1114,4,4,OD,1,5-2,7168,7196,TPT
1115,4,4,OD,1,5-2,7602,7725,PTPTPTPTPT
1116,4,4,OD,1,5-2,8007,8079,T
1117,3,16,OR,1,5-1,3799,3861,TPTPTPT
1118,3,16,OR,1,5-1,4542,4570,T
1119,7,3,CON,3,4,944,1023,TPTPT
1120,7,3,CON,3,4,1479,1629,TPTPTPT
1121,7,3,CON,3,4,2206,2401,TPTPTPTPT
1122,4,3,CON,3,5-3,8563,8591,T
1123,4,3,CON,3,5-3,8676,8780,TPTPTPT
1124,4,3,CON,3,5-3,9241,9249,T
1125,4,3,CON,3,5-3,9649,9657,T
1126,4,1,CON,4,3,830,847,T
1127,4,1,CON,4,3,1164,1303,TPTPTPTPTPTPT
1128,4,1,CON,4,3,1332,1449,TPTPT
1129,4,1,CON,4,3,2118,2230,TPTPTPTPT
1130,4,1,CON,4,3,2280,2376,TPT
1131,6,5,OR,4,3,1699,1765,TPTPT
1132,6,5,OR,4,3,2086,2209,TPTPTPTPT
1133,1,1,OD,4,5-3,8628,8732,TPTPTPTPTPT
1134,1,1,OD,4,5-3,10204,10485,TPTPTPT
1135,2,2,OR,2,3,1757,1829,T
1136,2,2,OR,2,3,2063,2126,TPTPT
1137,2,2,OR,2,3,2466,2550,TPTPT
1138,7,3,CON,3,5-3,8346,8353,T
1139,7,3,CON,3,5-3,8554,8594,TPT
1140,2,1,OD,2,5-3,9506,9513,T
1141,7,5,OD,3,5-1,2815,2929,TPTPT
1142,7,5,OD,3,5-1,2970,2994,T
1143,7,5,OD,3,5-1,3399,3473,TPTPT
1144,7,5,OD,3,5-1,3975,4063,PTPTP
1145,7,5,OD,3,5-1,4584,4603,T
1146,7,5,OD,3,5-1,4927,4994,TPTPT
1147,11,1,CON,4,1,1848,1855,T
1148,11,1,CON,4,1,2195,2218,T
1149,11,1,CON,4,1,2365,2388,TPT
1150,3,7,HC,1,3,1929,2052,TPTPT
1151,3,7,HC,1,3,2133,2161,T
1152,9,1,HC,2,2,1191,1244,PTPT
1153,9,1,HC,2,2,2405,2444,TPT
1154,4,2,HC,0,3,1904,1922,T
1155,5,2,OR,0,2,1659,1759,TPTPTPT
1156,5,2,OR,0,2,2357,2384,T
1157,3,1,OR,4,5-0,1794,1809,T
1158,3,1,OR,4,5-0,2079,2126,TPT
1159,5,8,HC,0,5-0,708,820,TPTPTPTPT
1160,5,8,HC,0,5-0,850,888,T
1161,5,8,HC,0,5-0,1267,1314,T
1162,5,8,HC,0,5-0,1753,1904,TPT
1163,5,8,HC,0,5-0,1943,2076,TPTPT
1164,3,3,HC,4,5-2,5710,5826,TPT
1165,3,3,HC,4,5-2,6371,6423,TP
1166,3,3,HC,4,5-2,7211,7311,TPTPTPT
1167,3,3,HC,4,5-2,8083,8098,T
1168,6,4,OD,2,5-3,8297,8305,T
1169,6,4,OD,2,5-3,8445,8515,TPTPT
1170,4,5,OD,3,2,852,865,T
1171,4,5,OD,3,2,903,929,T
1172,4,5,OD,3,2,1130,1134,T
1173,4,5,OD,3,2,1138,1308,TPTPTPT
1174,4,5,OD,3,2,1840,1858,T
1175,4,5,OD,3,2,2004,2012,T
1176,4,5,OD,3,2,2131,2140,T
1177,4,5,OD,3,2,2222,2307,TPT
1178,4,5,OD,3,2,2409,2425,T
1179,4,5,OD,3,2,2607,2698,TPTPT
1180,11,2,OD,4,5-0,1801,1832,T
1181,11,2,OD,4,5-0,2099,2244,TPTPTPT
1182,6,7,OR-N,4,4,1318,1360,TPT
1183,6,7,OR-N,4,4,1510,1555,T
1184,6,7,OR-N,4,4,1645,1663,TPT
1185,1,3,OR,2,5-1,3425,3430,T
1186,1,3,OR,2,5-1,3630,3635,T
1187,1,3,OR,2,5-1,3760,3829,TPT
1188,3,1,OR,4,5-1,2780,2798,T
1189,3,1,OR,4,5-1,3146,3154,T
1190,3,1,OR,4,5-1,3778,3880,TPT
1191,3,1,OR,4,5-1,4259,4265,T
1192,3,1,OR,4,5-1,4489,4507,T
1193,3,1,OR,4,5-1,4669,4895,TPTPTPTPTPTPTPTPTPT
1194,4,1,OR,0,5-2,7388,7464,TPTPT
1195,4,1,OR,0,5-2,7956,8019,TPT
1196,6,2,OD,4,5-3,9189,9379,TPTPTPT
1197,4,17,HC,0,5-3,9487,9572,PTPTPT
1198,3,6,HC,4,5-3,8297,8404,PTPTPTPT
1199,3,6,HC,4,5-3,9262,9298,TPTPT
1200,3,6,HC,4,5-3,9609,9672,TPTPTPT
1201,3,6,HC,4,5-3,10340,10372,T
1202,13,1,CON,4,1,1579,1589,T
1203,6,3,CON,2,4,1943,1952,T
1204,6,3,CON,2,4,2216,2326,TPTPT
1205,5,6,HC,1,3,1254,1282,TPT
1206,5,6,HC,1,3,1905,2002,TPTPT
1207,3,4,OD,4,4,1256,1366,TPTPT
1208,3,4,OD,4,4,1430,1654,TPTPTPTPT
1209,3,4,OD,4,4,2282,2298,TPTPT
1210,6,5,OR,4,4,1168,1255,TPTPTPT
1211,6,5,OR,4,4,2365,2556,TPTPTPTPTPT
1212,6,5,OR,4,4,2663,2698,T
1213,9,10,OR,4,5-2,5340,5400,T
1214,9,10,OR,4,5-2,5770,5827,TPTPTPT
1215,9,10,OR,4,5-2,6004,6096,TPT
1216,9,10,OR,4,5-2,6582,6619,TPTPT
1217,9,10,OR,4,5-2,6704,6758,T
1218,3,1,OR,1,5-3,8292,8327,TPT
1219,4,3,OR,4,4,586,615,TPTPT
1220,4,3,OR,4,4,670,742,TPTPT
1221,4,3,OR,4,4,1357,1451,T
1222,4,3,OR,4,4,1469,1726,TPTPTPTPTPT
1223,11,4,OR,4,4,848,1049,TPTPTPTPT
1224,11,4,OR,4,4,1112,1133,T
1225,11,4,OR,4,4,2014,2204,TPTPTPTPTPTPT
1226,2,2,OR,2,4,1300,1304,T
1227,2,2,OR,2,4,1412,1436,TPTPTPT
1228,2,2,OR,2,4,1932,1975,TPT
1229,2,2,OR,2,4,2045,2142,TPTPT
1230,2,2,OR,2,4,2181,2224,T
1231,3,5,HC,0,5-3,8277,8381,TPT
1232,3,5,HC,0,5-3,8815,8847,T
1233,3,5,HC,0,5-3,8974,9017,T
1234,5,7,HC,1,5-3,8483,8599,TPTPTPT
1235,8,4,CON,3,5-0,811,827,T
1236,8,4,CON,3,5-0,988,1118,TPTPTPT
1237,8,4,CON,3,5-0,1153,1307,TPTPT
1238,8,4,CON,3,5-0,2177,2219,PTPT
1239,8,4,CON,3,5-0,2294,2408,TPTPT
1240,13,2,HC,4,5-2,6232,6325,TPT
1241,13,2,HC,4,5-2,7452,7543,TPTPT
1242,13,2,HC,4,5-2,7974,7998,T
1243,3,2,HC,0,3,1871,1990,TPTPTPT
1244,1,4,CON,4,4,1012,1122,TPTPTPTPT
1245,1,4,CON,4,4,1180,1213,T
1246,9,16,OR-N,4,1,2356,2463,TPTPTPT
1247,11,3,HC,4,5-2,5331,5421,TPTPT
1248,11,3,HC,4,5-2,5448,5538,T
1249,11,3,HC,4,5-2,5975,5997,T
1250,11,3,HC,4,5-2,6073,6258,TPTPT
1251,11,3,HC,4,5-2,6722,6761,TPT
1252,4,2,HC,0,5-0,749,867,TPTPTPT
1253,5,4,HC,0,5-1,3293,3466,TPTPTPTPTPTPTPTPT
1254,5,4,HC,0,5-1,3513,3600,TPTPT
1255,5,4,HC,0,5-1,4791,4874,TPT
1256,5,4,HC,0,5-1,4896,5002,TPT
1257,4,6,OR,3,5-0,1142,1171,T
1258,4,6,OR,3,5-0,1671,1749,TPTPT
1259,4,6,OR,3,5-0,1967,1979,T
1260,4,6,OR,3,5-0,2051,2070,T
1261,4,6,OR,3,5-0,2309,2337,TPT
1262,4,6,OR,3,5-0,2496,2507,T
1263,4,6,OR,3,5-0,2547,2615,TPT
1264,3,5,CON,3,3,1038,1096,TPT
1265,3,5,CON,3,3,1122,1216,TPTPT
1266,3,5,CON,3,3,1255,1337,TPTPT
1267,3,5,CON,3,3,2159,2281,TPTPTPTPT
1268,3,5,CON,3,3,2299,2363,TPTPT
1269,9,4,CON,2,5-0,922,985,TPTPTPT
1270,9,4,CON,2,5-0,1247,1261,T
1271,9,4,CON,2,5-0,1468,1531,TPT
1272,9,4,CON,2,5-0,1623,1741,PTPTPT
1273,9,4,CON,2,5-0,2252,2429,TPTPTPTPT
1274,4,3,OR,4,5-3,9656,9734,T
1275,4,3,OR,4,5-3,10006,10032,TPT
1276,4,3,OR,4,5-3,10358,10466,TPTPTPT
1277,4,3,OR,4,5-3,10720,10744,T
1278,9,3,OR,2,2,1236,1344,TPTPTPTPTPTPT
1279,9,3,OR,2,2,1976,2059,TPT
1280,2,1,OD,2,5-2,5572,5645,TPT
1281,2,1,OD,2,5-2,6078,6095,T
1282,8,6,OD,3,2,1348,1361,T
1283,8,6,OD,3,2,1646,1671,T
1284,8,6,OD,3,2,2196,2209,T
1285,8,6,OD,3,2,2417,2526,TPTPTPT
1286,8,6,OD,3,2,2571,2582,T
1287,7,3,CON,3,5-1,3179,3203,T
1288,7,3,CON,3,5-1,3533,3579,TPTPT
1289,7,3,CON,3,5-1,3801,3998,TPTPTPT
1290,5,1,OR,1,5-1,2795,2809,T
1291,5,1,OR,1,5-1,2871,2989,TPTPT
1292,3,2,CON,4,5-2,5683,5799,TPTPTPTPTPTPTPT
1293,3,2,CON,4,5-2,6220,6291,TPT
1294,3,2,CON,4,5-2,6314,6478,TPTPTPT
1295,3,2,CON,4,5-2,7524,7639,TPTPT
1296,9,1,HC,2,5-1,2708,2717,T
1297,9,1,HC,2,5-1,2995,3082,TPTPT
1298,9,1,HC,2,5-1,5284,5296,T
1299,4,4,HC,3,5-3,9951,9998,PTPTPT
1300,4,4,HC,3,5-3,10144,10164,T
1301,4,4,HC,3,5-3,10325,10365,PT
1302,4,4,HC,3,5-3,10484,10558,T
1303,4,4,HC,3,5-3,10680,10706,T
1304,1,2,OR,4,5-2,5626,5722,TPTPTPT
1305,1,2,OR,4,5-2,6513,6647,TPTPTPT
1306,1,2,OR,4,5-2,6676,6755,T
1307,1,2,OR,4,5-2,6768,6793,T
1308,1,2,OR,4,5-2,7312,7321,TP
1309,1,2,OR,4,5-2,7419,7466,T
1310,9,3,HC,4,5-1,2805,2817,PT
1311,9,3,HC,4,5-1,2880,2904,T
1312,9,3,HC,4,5-1,4614,4703,TPTPTPTPTPT
1313,9,3,HC,4,5-1,5072,5103,T
1314,4,6,OD,4,2,1218,1343,TPTPTPT
1315,4,6,OD,4,2,1385,1420,TP
1316,4,6,OD,4,2,2243,2301,TPT
1317,4,6,OD,4,2,2370,2393,T
1318,11,2,OD,4,3,1312,1458,TPTPT
1319,11,2,OD,4,3,1470,1514,T
1320,11,2,OD,4,3,2112,2132,T
1321,11,2,OD,4,3,2286,2300,T
1322,11,2,OD,4,3,2346,2442,TPTPTPTPT
1323,11,2,OD,4,3,2478,2574,TPT
1324,3,9,HC,1,5-0,374,383,T
1325,3,9,HC,1,5-0,1078,1099,TPT
1326,3,9,HC,1,5-0,1884,1910,T
1327,3,9,HC,1,5-0,1916,1958,T
1328,3,9,HC,1,5-0,2581,2602,T
1329,8,6,OD,3,4,1520,1657,TPTPTPT
1330,8,6,OD,3,4,2257,2392,TPTPTPTPT
1331,13,11,OR-N,4,3,1196,1319,TPTPTPTPT
1332,13,11,OR-N,4,3,1327,1331,T
1333,13,11,OR-N,4,3,2383,2609,TPTPTPTPTPTPTPTPT
1334,4,9,HC,0,5-1,3563,3590,T
1335,4,9,HC,0,5-1,3660,3841,TPTPTPTPTPT
1336,4,9,HC,0,5-1,4704,4718,T
1337,4,17,HC,0,5-0,841,961,TPTPTPTPT
1338,4,17,HC,0,5-0,1830,1871,T
1339,4,17,HC,0,5-0,2107,2274,TPTPTPT
1340,6,6,HC,4,5-1,3160,3307,TPTPT
1341,6,6,HC,4,5-1,3893,3998,T
1342,6,6,HC,4,5-1,4567,4612,TPT
1343,6,6,HC,4,5-1,5220,5307,TPTPTPTPT
1344,6,6,HC,4,5-1,5335,5351,T
1345,3,5,HC,0,5-1,3740,3854,TPTPT
1346,3,5,HC,0,5-1,4491,4533,T
1347,3,5,HC,0,5-1,4586,4613,T
1348,3,3,HC,4,4,2578,2585,T
1349,3,3,HC,4,4,2694,2699,T
1350,6,7,OR-N,4,5-1,3999,4217,TPTPTPTPTPT
1351,1,5,OR-N,4,5-1,3118,3253,TPTPT
1352,1,5,OR-N,4,5-1,3678,3719,TPTPT
1353,1,5,OR-N,4,5-1,4371,4376,T
1354,1,5,OR-N,4,5-1,4891,5027,TPTPTPTPTPT
1355,1,5,OR-N,4,5-1,5045,5196,TPTPT
1356,1,5,OR-N,4,5-1,5232,5245,T
1357,9,2,CON,4,4,32,80,T
1358,9,2,CON,4,4,182,209,T
1359,9,2,CON,4,4,517,565,T
1360,9,2,CON,4,4,595,705,TPT
1361,9,2,CON,4,4,747,779,T
1362,9,2,CON,4,4,1003,1013,T
1363,9,2,CON,4,4,1223,1262,T
1364,9,2,CON,4,4,1688,1742,TPT
1365,9,2,CON,4,4,1997,2030,T
1366,6,1,HC,2,5-0,664,742,TPTPT
1367,6,1,HC,2,5-0,993,1033,T
1368,6,1,HC,2,5-0,1078,1297,TPTPTPTPTPT
1369,6,1,HC,2,5-0,1593,1628,T
1370,6,1,HC,2,5-0,2154,2267,TPTPTPTPTPTPT
1371,9,1,HC,2,3,491,513,T
1372,9,1,HC,2,3,753,934,TPTPTPTPTPTPTPTPT
1373,9,1,HC,2,3,1416,1424,T
1374,9,1,HC,2,3,1744,1863,TPTPT
1375,9,1,HC,2,3,2215,2431,TPTPTPTPT
1376,8,6,OD,3,1,2371,2407,T
1377,8,2,OR,3,5-2,5655,5714,TPT
1378,8,2,OR,3,5-2,5815,5896,TPTPTPTPTPTPT
1379,8,2,OR,3,5-2,6697,6736,T
1380,8,2,OR,3,5-2,7082,7341,TPTPTPTPT
1381,4,4,HC,3,1,924,948,T
1382,4,4,HC,3,1,962,969,T
1383,4,4,HC,3,1,1268,1296,T
1384,4,4,HC,3,1,1541,1628,TPTPT
1385,4,4,HC,3,1,2133,2191,T
1386,4,4,HC,3,1,2546,2553,T
1387,4,4,HC,3,1,2649,2699,TPTPT
1388,1,1,CON,2,2,545,552,T
1389,5,2,OR,0,3,1381,1413,TPTPTPT
1390,5,2,OR,0,3,1671,1790,TPT
1391,5,2,OR,0,3,1839,1876,T
1392,3,3,OR,0,2,2378,2446,T
1393,9,3,OR,2,5-0,1480,1497,T
1394,9,3,OR,2,5-0,1597,1652,TPT
1395,9,3,OR,2,5-0,1695,1820,TPTPTPT
1396,9,3,OR,2,5-0,2251,2264,T
1397,9,3,OR,2,5-0,2418,2443,T
1398,1,5,OR-N,4,5-3,8164,8343,TPTPT
1399,1,5,OR-N,4,5-3,8355,8373,T
1400,1,5,OR-N,4,5-3,9302,9378,T
1401,5,8,HC,0,5-2,5464,5537,TPT
1402,5,8,HC,0,5-2,5635,5661,T
1403,5,8,HC,0,5-2,6188,6253,T
1404,5,8,HC,0,5-2,6858,6901,TPT
1405,5,8,HC,0,5-2,6942,6979,TPT
1406,5,8,HC,0,5-2,7635,7675,T
1407,9,10,OR,4,3,769,830,T
1408,9,10,OR,4,3,1255,1354,T
1409,9,10,OR,4,3,2117,2234,TPTPTPTPTPTPTPTPT
1410,9,10,OR,4,3,2312,2362,T
1411,2,4,HC,2,1,864,896,T
1412,2,4,HC,2,1,1306,1375,TPTPTPT
1413,2,4,HC,2,1,1682,1810,TPTPT
1414,2,4,HC,2,1,1822,1853,T
1415,6,3,CON,2,5-1,3057,3157,TPTPTPTPT
1416,6,3,CON,2,5-1,3214,3289,TPT
1417,6,3,CON,2,5-1,3959,3966,T
1418,6,3,CON,2,5-1,4416,4532,TPTPT
1419,6,3,CON,2,5-1,4546,4559,T
1420,6,3,CON,2,5-1,4573,4583,T
1421,6,3,CON,2,5-1,4987,5030,TPT
1422,11,4,OR,4,2,1156,1304,TPTPT
1423,11,4,OR,4,2,1321,1351,T
1424,11,4,OR,4,2,2009,2062,TPT
1425,8,1,HC,3,3,904,994,TPT
1426,8,1,HC,3,3,1280,1317,T
1427,8,1,HC,3,3,1574,1742,TPTPTPT
1428,3,4,OD,0,4,1091,1166,TPTPT
1429,3,4,OD,0,4,1757,1802,TPT
1430,3,4,OD,0,4,2569,2584,T
1431,3,7,HC,1,5-1,4866,4959,TPT
1432,4,3,CON,3,2,1069,1089,T
1433,4,3,CON,3,2,1300,1305,T
1434,4,3,CON,3,2,1315,1376,TPTPT
1435,4,3,CON,3,2,1392,1460,TPTPTPT
1436,4,3,CON,3,2,2055,2072,T
1437,4,3,CON,3,2,2289,2328,TPTP
1438,4,3,CON,3,2,2374,2466,TPTPTPT
1439,3,1,OD,3,5-1,4750,4764,T
1440,3,1,OD,3,5-1,5190,5212,T
1441,3,1,OD,3,5-1,5228,5242,T
1442,3,16,OR,1,5-2,6748,6861,T
1443,11,3,HC,4,5-3,8509,8560,T
1444,11,3,HC,4,5-3,8931,9049,TPTPTPT
1445,9,1,HC,2,4,799,819,T
1446,9,1,HC,2,4,994,1093,TPTPT
1447,9,1,HC,2,4,1343,1522,TPTPTPT
1448,6,1,HC,2,3,655,839,TPTPTPTPTPTPTPT
1449,6,1,HC,2,3,1327,1429,T
1450,6,1,HC,2,3,1507,1530,T
1451,6,1,HC,2,3,2309,2551,TPTPTPTPTPTPT
1452,7,3,CON,3,5-2,7743,7807,TPT
1453,7,3,CON,3,5-2,7852,7997,TPTPTPT
1454,4,6,OD,4,3,1190,1210,T
1455,4,6,OD,4,3,1267,1366,TPTPTPT
1456,4,6,OD,4,3,1561,1714,TPTPT
1457,4,3,CON,3,5-2,5442,5464,TPT
1458,4,3,CON,3,5-2,5534,5542,T
1459,4,3,CON,3,5-2,5562,5582,T
1460,4,3,CON,3,5-2,5657,5693,TPT
1461,4,3,CON,3,5-2,5777,5818,TPT
1462,4,3,CON,3,5-2,7237,7278,TPT
1463,6,1,HC,4,1,712,845,TPTPT
1464,6,1,HC,4,1,1911,2029,TPTPTPTPT
1465,6,1,HC,4,1,2064,2090,T
1466,9,3,HC,4,4,2586,2697,TPTPT
1467,1,1,OD,4,5-1,2676,2756,TPT
1468,1,1,OD,4,5-1,3266,3313,T
1469,1,1,OD,4,5-1,4168,4454,TPTPTPTPTPTPT
1470,1,1,OD,4,5-1,5090,5125,TPT
1471,4,3,CON,3,5-1,3107,3166,T
1472,4,3,CON,3,5-1,3201,3308,TPTPTPTPTPTPTPT
1473,4,3,CON,3,5-1,3695,3714,T
1474,4,3,CON,3,5-1,3796,3857,T
1475,4,3,CON,3,5-1,3881,3919,TPT
1476,4,3,CON,3,5-1,3970,4074,TPTPTPT
1477,4,3,CON,3,5-1,4409,4439,T
1478,4,3,CON,3,5-1,5261,5272,T
1479,5,4,HC,0,5-3,8168,8256,T
1480,5,4,HC,0,5-3,10662,10718,PTPTPT
1481,5,17,HC,1,5-2,5703,5839,TPTPTPTPT
1482,5,17,HC,1,5-2,5899,5941,T
1483,5,17,HC,1,5-2,6942,6976,TPTPTPT
1484,6,4,OD,2,5-1,3254,3368,TPTPT
1485,6,4,OD,2,5-1,4321,4333,T
1486,6,4,OD,2,5-1,4915,4957,T
1487,6,4,OD,2,5-1,5125,5150,T
1488,6,4,OD,2,5-1,5331,5387,TPTPTPT
1489,2,1,OD,2,4,1492,1496,PT
1490,2,1,OD,2,4,1575,1689,TPTPT
1491,2,1,OD,2,4,2116,2134,T
1492,2,1,OD,2,4,2555,2639,TPT
1493,6,6,HC,4,5-3,8526,8674,TPTPTPTPTPT
1494,6,6,HC,4,5-3,9441,9483,T
1495,6,6,HC,4,5-3,9858,10007,TPTPTPTPT
1496,2,1,OD,2,3,1781,1870,TPTPT
1497,4,3,OR,4,5-2,5553,5557,T
1498,4,3,OR,4,5-2,5625,5647,T
1499,4,3,OR,4,5-2,5694,5842,TPTPTPTPTPT
1500,4,3,OR,4,5-2,6235,6345,TPTPTPTPT
1501,4,3,OR,4,5-2,6713,6740,T
1502,4,3,OR,4,5-2,6978,7068,TPTPTPT
1503,4,3,OR,4,5-2,7097,7230,TPTPTPT
1504,4,3,OR,4,5-2,7512,7532,T
1505,8,4,CON,3,5-1,2666,2725,TPT
1506,6,5,OR,4,2,1641,1711,TPTPT
1507,13,3,OR,4,5-2,6153,6285,TPTPTPTPT
1508,11,1,CON,4,5-3,7952,8120,TPTPTPT
1509,11,1,CON,4,5-3,8611,8619,T
1510,11,1,CON,4,5-3,8653,8726,TPT
1511,11,1,CON,4,5-3,9023,9033,T
1512,11,1,CON,4,5-3,9264,9342,TPT
1513,11,1,CON,4,5-3,9597,9662,TPT
1514,3,4,OD,0,5-0,1501,1559,TP
1515,3,4,OD,0,5-0,1789,1814,PT
1516,3,4,OD,0,5-0,2009,2045,T
1517,3,4,OD,0,5-0,2143,2240,TPTPT
1518,3,4,OD,0,5-0,2330,2345,T
1519,3,5,CON,3,4,689,736,T
1520,3,5,CON,3,4,1358,1423,TPTPT
1521,3,5,CON,3,4,1444,1570,TPTPTPT
1522,3,5,CON,3,4,2119,2271,TPTPTPTPTPT
1523,8,1,HC,3,5-0,1371,1504,TPTPTPT
1524,8,1,HC,3,5-0,2066,2097,PTPT
1525,8,2,OR,3,5-1,2951,3004,TPT
1526,8,2,OR,3,5-1,3062,3198,TPTPTPT
1527,8,2,OR,3,5-1,3716,3749,T
1528,8,2,OR,3,5-1,3988,4082,T
1529,6,3,HC,4,5-2,6759,6812,TPTPTPT
1530,6,3,HC,4,5-2,7313,7476,TPTPT
1531,9,4,OD,4,2,1248,1341,TPTPTPT
1532,9,4,OD,4,2,1400,1477,TPTPT
1533,9,4,OD,4,2,1989,2043,T
1534,9,4,OD,4,2,2416,2446,T
1535,9,10,OR,4,5-3,7968,8134,TPTPTPTPTPT
1536,9,10,OR,4,5-3,9249,9281,T
1537,9,10,OR,4,5-3,9440,9465,T
1538,9,10,OR,4,5-3,9590,9749,TPTPTPTPT
1539,6,3,HC,4,2,1413,1549,TPTPTPTPTPTPTPT
1540,6,3,HC,4,2,1560,1715,TPT
1541,4,1,CON,4,4,833,873,TPTPT
1542,4,1,CON,4,4,920,1055,TPTPTPTPT
1543,4,1,CON,4,4,1983,2047,T
1544,4,1,CON,4,4,2108,2224,TPTPTPTPT
1545,3,17,HC,0,5-2,5999,6059,T
1546,3,17,HC,0,5-2,6586,6705,TPTPTPT
1547,3,17,HC,0,5-2,6929,6971,T
1548,1,3,HC,4,2,1245,1310,TPTPT
1549,1,3,HC,4,2,1987,2055,PTPT
1550,1,3,HC,4,2,2097,2108,TPT
1551,3,7,HC,1,2,2610,2699,TPTPT
1552,3,9,HC,1,3,1880,1970,TPT
1553,1,3,OR,2,1,1376,1382,T
1554,1,3,OR,2,1,1457,1467,T
1555,1,3,OR,2,1,1697,1707,PT
1556,1,3,OR,2,1,1797,1923,TPTPTPT
1557,2,4,HC,2,3,1137,1195,TPT
1558,2,4,HC,2,3,1628,1666,T
1559,6,3,CON,2,3,1960,2114,TPTPTPT
1560,1,3,OR,2,3,1271,1401,TPTPTPTPT
1561,1,3,OR,2,3,1628,1638,T
1562,1,3,OR,2,3,2090,2135,T
1563,1,3,OR,2,3,2680,2708,T
1564,13,2,HC,4,3,1345,1435,TPTPTPT
1565,13,2,HC,4,3,1831,1868,T
1566,13,2,HC,4,3,2445,2601,TPTPTPT
1567,4,1,CON,4,5-3,8305,8347,T
1568,4,1,CON,4,5-3,9210,9265,TPT
1569,3,4,OD,4,1,2296,2330,TPT
1570,4,3,CON,3,3,733,745,T
1571,4,3,CON,3,3,905,926,T
1572,4,3,CON,3,3,1009,1028,T
1573,4,3,CON,3,3,1653,1701,TPTPTPTPT
1574,4,3,CON,3,3,1721,1910,TPTPTPTPTPTPT
1575,4,3,CON,3,3,2592,2613,T
1576,4,3,CON,3,3,2627,2647,PT
1577,3,14,HC,3,4,658,714,T
1578,3,14,HC,3,4,2346,2445,TPTPTPTPTPT
1579,5,8,HC,0,5-3,8915,9013,TPTPTP
1580,5,16,OR,1,5-1,3247,3330,TPTPTPTPT
1581,5,16,OR,1,5-1,4002,4173,TPTPTPT
1582,7,1,HC,3,5-2,6945,7013,TPT
1583,1,2,OR,4,2,944,950,T
1584,1,2,OR,4,2,1043,1051,T
1585,1,2,OR,4,2,1116,1127,T
1586,1,2,OR,4,2,1742,1748,PT
1587,6,7,OR-N,4,5-0,2069,2238,TPTPT
1588,3,5,HC,0,5-2,5614,5679,PTPT
1589,3,5,HC,0,5-2,6665,6829,TPT
1590,3,5,HC,0,5-2,7349,7465,TPTPTPT
1591,9,16,OR-N,4,5-2,5428,5484,T
1592,9,16,OR-N,4,5-2,5578,5627,T
1593,9,16,OR-N,4,5-2,6057,6095,T
1594,9,16,OR-N,4,5-2,6143,6173,T
1595,9,16,OR-N,4,5-2,6406,6510,TPTPTPT
1596,9,16,OR-N,4,5-2,7400,7433,T
1597,9,16,OR-N,4,5-2,8031,8093,TPTPTPT
1598,1,3,HC,4,5-1,2672,2755,TPTPT
1599,1,3,HC,4,5-1,3920,4018,TPTPTPTPT
1600,1,3,HC,4,5-1,4059,4084,T
1601,1,3,HC,4,5-1,4157,4203,T
1602,1,3,HC,4,5-1,4817,4863,T
1603,13,3,OR,4,3,1037,1136,TPTPTPT
1604,13,3,OR,4,3,1202,1254,TPT
1605,13,3,OR,4,3,1977,2061,TPT
1606,13,3,OR,4,3,2124,2242,TPTPT
1607,13,3,OR,4,3,2259,2304,T
1608,13,3,OR,4,3,2335,2352,T
1609,1,3,HC,4,1,2279,2349,TPT
1610,3,1,OR,4,4,1882,1955,TPT
1611,13,11,OR-N,4,5-2,5467,5641,TPTPTPTPTPTPTPTPT
1612,13,11,OR-N,4,5-2,6345,6386,TPTPT
1613,13,11,OR-N,4,5-2,6436,6602,TPT
1614,13,11,OR-N,4,5-2,6615,6636,T
1615,13,11,OR-N,4,5-2,6652,6693,T
1616,13,11,OR-N,4,5-2,7684,7766,TPT
1617,1,1,CON,2,4,1222,1293,TPT
1618,1,1,CON,2,4,1345,1351,T
1619,1,1,CON,2,4,1369,1384,PT
1620,1,1,CON,2,4,1747,1770,T
1621,1,1,CON,2,4,2483,2582,TPTPTPT
1622,3,1,OD,3,5-3,8465,8494,T
1623,3,1,OD,3,5-3,9040,9103,T
1624,3,1,OD,3,5-3,9123,9201,TPT
1625,3,1,OD,3,5-3,9221,9251,TPTPT
1626,3,1,OD,3,5-3,9310,9325,T
1627,3,1,OD,3,5-3,10142,10180,TPT
1628,3,1,OD,3,5-3,10197,10213,TPT
1629,3,1,OD,3,5-3,10231,10298,TPTPTPT
1630,4,3,OR,4,5-0,560,582,T
1631,4,3,OR,4,5-0,716,865,TPTPTPTPT
1632,4,3,OR,4,5-0,887,910,T
1633,4,3,OR,4,5-0,1594,1786,TPTPTPTPTPTPTPT
1634,4,3,OR,4,5-0,1823,1861,T
1635,4,3,OR,4,5-0,2346,2412,T
1636,4,3,OR,4,5-0,2505,2618,TPT
1637,5,7,HC,1,5-1,2694,2725,TPT
1638,5,7,HC,1,5-1,3032,3106,T
1639,5,7,HC,1,5-1,3191,3263,T
1640,5,7,HC,1,5-1,5271,5306,T
1641,4,2,HC,4,4,860,919,TPT
1642,4,2,HC,4,4,1043,1053,T
1643,4,2,HC,4,4,2064,2186,TPTPTPT
1644,6,4,CON,4,5-2,5876,6026,TPTPTPTPT
1645,6,4,CON,4,5-2,6856,6936,TPTPT
1646,6,4,CON,4,5-2,7342,7358,T
1647,6,4,CON,4,5-2,7882,7954,TPTPT
1648,9,16,OR-N,4,3,1238,1282,TPT
1649,9,16,OR-N,4,3,1713,1844,TPTPTPT
1650,9,16,OR-N,4,3,2193,2265,TPTPT
1651,11,3,HC,4,5-0,1696,1847,TPTPTPT
1652,11,3,HC,4,5-0,1881,1906,T
1653,11,3,HC,4,5-0,2494,2611,TPTPTPTPT
1654,4,16,OR,0,5-1,3183,3188,T
1655,4,16,OR,0,5-1,3241,3286,T
1656,4,16,OR,0,5-1,4705,4732,T
1657,4,16,OR,0,5-1,5056,5240,TPTPTPTPTPT
1658,9,4,OD,4,1,2077,2095,T
1659,4,4,HC,3,5-0,2181,2205,T
1660,4,4,HC,3,5-0,2476,2487,T
1661,4,4,HC,3,5-0,2611,2663,TPT
1662,4,3,OR,1,3,1469,1476,T
1663,4,3,OR,1,3,2113,2385,TPTPTPTPTPT
1664,6,7,OR-N,4,3,1190,1249,TPTPTPT
1665,6,7,OR-N,4,3,1262,1323,TPTPT
1666,6,7,OR-N,4,3,1383,1446,TPT
1667,6,7,OR-N,4,3,2268,2410,TPTPTPT
1668,6,7,OR-N,4,3,2444,2528,PTPTPT
1669,6,7,OR-N,4,2,2272,2298,T
1670,6,7,OR-N,4,2,2381,2457,TPTPTPT
1671,6,3,CON,2,5-0,1031,1039,T
1672,6,3,CON,2,5-0,1185,1206,T
1673,6,3,CON,2,5-0,1938,1946,T
1674,6,3,CON,2,5-0,2177,2223,T
1675,6,3,CON,2,5-0,2432,2575,TPTPTPTPTPT
1676,6,1,HC,4,5-3,8634,8641,T
1677,4,2,HC,0,1,2342,2399,T
1678,3,16,OR,1,4,1698,1792,TPT
1679,9,10,OR,4,1,1304,1348,TPTPTPT
1680,9,10,OR,4,1,1399,1518,TPTPTPTPT
1681,9,10,OR,4,1,2233,2268,T
1682,4,7,HC,1,5-2,6728,6777,TPT
1683,4,7,HC,1,5-2,6988,7059,TPTPTPTPT
1684,4,7,HC,1,5-2,7360,7460,PTPTPTPTPT
1685,4,7,HC,1,5-2,7793,7868,TPT
1686,3,4,OD,0,5-1,2999,3031,TPTPT
1687,3,4,OD,0,5-1,3050,3127,TPTPT
1688,3,4,OD,0,5-1,3933,3959,TPT
1689,3,4,OD,0,5-1,4345,4471,TPTPT
1690,3,4,OD,0,5-1,4592,4706,TPT
1691,9,10,OR,4,5-0,663,743,TPT
1692,9,10,OR,4,5-0,1158,1250,TPTPT
1693,9,10,OR,4,5-0,1301,1339,T
1694,9,10,OR,4,5-0,1840,1865,TPT
1695,9,10,OR,4,5-0,2159,2192,T
1696,9,10,OR,4,5-0,2254,2431,TPTPTPTPT
1697,7,5,OD,3,5-0,1959,2056,TPTPTPT
1698,7,5,OD,3,5-0,2123,2136,T
1699,7,5,OD,3,5-0,2145,2160,T
1700,11,1,CON,4,5-0,726,884,TPTPTPT
1701,11,1,CON,4,5-0,1315,1320,T
1702,11,1,CON,4,5-0,1428,1454,T
1703,11,1,CON,4,5-0,1859,2013,TPTPTPTPT
1704,11,1,CON,4,5-0,2026,2062,T
1705,11,1,CON,4,5-0,2450,2472,T
1706,6,1,HC,4,5-0,355,468,TPTPTPT
1707,6,1,HC,4,5-0,520,576,TPTPT
1708,6,1,HC,4,5-0,1549,1661,TPTPT
1709,6,1,HC,4,5-0,1756,1784,T
1710,4,6,OD,4,1,2416,2523,TPTPT
1711,6,3,HC,4,4,819,831,T
1712,6,3,HC,4,4,1125,1242,TPTPT
1713,6,3,HC,4,4,1321,1346,T
1714,6,3,HC,4,4,1420,1461,T
1715,6,3,HC,4,4,2355,2495,TPTPTP
1716,13,11,OR-N,4,5-1,3269,3407,PTPTPTPTPT
1717,13,11,OR-N,4,5-1,4279,4443,TPTPTPTPTPTPT
1718,13,11,OR-N,4,5-1,5045,5069,T
1719,7,1,HC,3,4,933,949,T
1720,7,1,HC,3,4,1307,1500,TPTPTPTPTPT
1721,7,1,HC,3,4,2350,2492,TPTPTPTPT
1722,11,4,OR,4,1,2284,2331,T
1723,4,6,OD,0,4,1234,1312,TPT
1724,4,6,OD,0,4,1870,1906,TPT
1725,4,6,OD,0,4,2560,2577,TPT
1726,9,2,CON,4,1,1631,1684,TPTPT
1727,9,2,CON,4,1,1714,1778,T
1728,9,2,CON,4,1,2532,2585,T
1729,5,16,OR,1,4,1134,1224,TPTPTPT
1730,3,5,CON,3,5-1,2843,2854,T
1731,3,5,CON,3,5-1,2907,3055,TPTPT
1732,3,5,CON,3,5-1,3094,3124,PT
1733,3,5,CON,3,5-1,3654,3797,TPTPTPTPT
1734,3,5,CON,3,5-1,3837,3881,T
1735,4,5,HC,0,2,2064,2166,TPTPTPT
1736,6,10,OD,4,2,1318,1357,TPT
1737,6,10,OD,4,2,1386,1471,TPTPT
1738,6,10,OD,4,2,1518,1565,T
1739,4,4,HC,3,5-2,5425,5497,T
1740,4,4,HC,3,5-2,5766,5830,TPT
1741,4,4,HC,3,5-2,6284,6310,T
1742,4,4,HC,3,5-2,6426,6547,TPTPTPTPTPTPTPT
1743,4,4,HC,3,5-2,7045,7081,T
1744,4,4,HC,3,5-2,7238,7367,TPTPTPT
1745,4,4,HC,3,5-2,7771,7839,T
1746,4,4,HC,3,5-2,7949,7956,T
1747,4,4,HC,3,5-2,8032,8083,T
1748,4,6,OR,3,4,1628,1660,T
1749,4,6,OR,3,4,1982,2060,TPTPT
1750,4,8,HC,1,5-0,1420,1454,PT
1751,4,8,HC,1,5-0,1707,1858,TPTPTPTPTPT
1752,4,8,HC,1,5-0,2254,2305,TPT
1753,8,4,CON,3,3,1160,1200,T
1754,8,4,CON,3,3,1358,1462,TPTPTPTPT
1755,8,4,CON,3,3,2014,2066,TPT
1756,5,4,HC,0,4,644,745,TPTPTPT
1757,5,4,HC,0,4,1568,1598,T
1758,5,4,HC,0,4,1616,1710,TPT
1759,5,4,HC,0,4,2674,2692,T
1760,1,1,OD,4,3,868,979,TPT
1761,1,1,OD,4,3,1509,1696,TPTPTPTPTPTPTPT
1762,1,1,OD,4,3,2387,2475,TPT
1763,1,1,OD,4,3,2498,2674,TPTPTPTPTPT
1764,1,1,OD,4,3,2696,2713,T
1765,1,3,OR,2,4,775,830,TPT
1766,1,3,OR,2,4,1032,1085,T
1767,1,3,OR,2,4,1689,1705,T
1768,1,3,OR,2,4,1807,1943,TPTPTPTPTPTPT
1769,1,3,OR,2,4,2652,2698,T
1770,5,14,OR,0,5-0,1517,1588,TPTPTPT
1771,8,2,OR,3,4,1254,1264,T
1772,8,2,OR,3,4,1671,1877,TPTPTPTPTPT
1773,8,2,OR,3,4,2430,2449,T
1774,8,2,OR,3,4,2524,2601,TPTPT
1775,8,2,OR,3,4,2664,2698,T
1776,8,4,CON,3,5-3,10156,10204,TPT
1777,8,4,CON,3,5-3,10492,10504,T
1778,8,4,CON,3,5-3,10663,10775,TPTPT
1779,13,2,HC,4,2,723,796,PTPTPT
1780,13,2,HC,4,2,806,872,TPT
1781,13,2,HC,4,2,1630,1743,TPTPT
1782,6,10,OD,4,3,1236,1306,TPT
1783,6,10,OD,4,3,1951,2054,T
1784,7,1,HC,3,5-0,1349,1361,T
1785,7,1,HC,3,5-0,1767,1901,TPTPTPT
1786,7,1,HC,3,5-0,2273,2290,T
1787,3,5,CON,3,5-0,936,964,T
1788,3,5,CON,3,5-0,1322,1430,TPTPTPT
1789,3,5,CON,3,5-0,1450,1519,TPT
1790,3,5,CON,3,5-0,1546,1620,TPT
1791,3,5,CON,3,5-0,1658,1666,T
1792,3,5,CON,3,5-0,2231,2265,T
1793,9,3,OR,2,5-1,2727,2740,T
1794,9,3,OR,2,5-1,3139,3302,TPTPTPTPTPT
1795,5,1,OR,1,5-0,1527,1646,TPTPTPTPT
1796,5,1,OR,1,5-0,2197,2219,PTPT
1797,5,1,OR,1,5-0,2358,2399,T
1798,11,3,HC,4,2,997,1056,TPT
1799,11,3,HC,4,2,1103,1318,TPTPTPTPT
1800,11,3,HC,4,2,1853,1869,T
1801,11,3,HC,4,2,2398,2500,TPTPTPTPT
1802,11,3,HC,4,2,2518,2572,T
1803,11,3,HC,4,2,2600,2699,TPTPT
1804,6,1,HC,4,2,1779,1815,T
1805,6,1,HC,4,2,2343,2460,TPTPTPTPTPT
1806,6,1,HC,4,2,2555,2572,T
1807,6,1,HC,4,2,2662,2684,TPT
1808,13,11,OR-N,4,4,1009,1031,T
1809,13,11,OR-N,4,4,1434,1550,TPT
1810,13,11,OR-N,4,4,1936,2054,TPTPTPT
1811,5,2,OR,0,4,1855,1899,TPTPT
1812,5,2,OR,0,4,1977,2053,T
1813,3,5,OR-N,4,5-2,5753,5904,TPTPTPT
1814,3,5,OR-N,4,5-2,6749,6830,TPT
1815,3,5,OR-N,4,5-2,7567,7632,T
1816,3,5,OR-N,4,5-2,7686,7718,TPT
1817,13,11,OR-N,4,1,2058,2204,TPTPT
1818,2,3,CON,2,4,1405,1438,PT
1819,6,2,OR,2,5-0,1335,1347,T
1820,6,2,OR,2,5-0,1644,1686,TPT
1821,6,2,OR,2,5-0,1719,1880,TPTPTPTPTPT
1822,1,2,OD,2,1,1780,1838,TPTPT
1823,1,2,OD,2,1,2455,2506,T
1824,4,6,OD,0,5-1,2631,2737,TPTPTPT
1825,4,6,OD,0,5-1,3263,3328,TPT
1826,4,6,OD,0,5-1,4723,4853,TPTPTPTPT
1827,4,6,OD,0,5-1,5360,5382,T
1828,3,5,HC,0,1,2138,2183,T
1829,5,5,OD,1,3,1217,1298,TPTP
1830,5,5,OD,1,3,1300,1343,PT
1831,5,5,OD,1,3,1989,2018,TPT
1832,5,5,OD,1,3,2058,2102,T
1833,3,8,HC,0,5-2,5487,5712,TPTPTPTPTPTPTPTPTP
1834,3,8,HC,0,5-2,6265,6298,TPT
1835,3,8,HC,0,5-2,6362,6502,TPT
1836,3,8,HC,0,5-2,6526,6628,TPT
1837,3,8,HC,0,5-2,7904,7933,T
1838,11,3,HC,4,3,486,502,T
1839,11,3,HC,4,3,689,710,T
1840,11,3,HC,4,3,1093,1249,TPTPTPTPTP
1841,11,3,HC,4,3,1273,1307,T
1842,11,3,HC,4,3,1774,1837,PTPT
1843,11,3,HC,4,3,2127,2371,TPT
1844,11,3,HC,4,3,2389,2504,TPT
1845,11,3,HC,4,3,2518,2541,T
1846,11,3,HC,4,3,2555,2591,TPT
1847,9,1,HC,2,5-0,1684,1715,T
1848,9,1,HC,2,5-0,2006,2021,T
1849,9,1,HC,2,5-0,2315,2410,TPTPTPT
1850,3,6,OD,1,2,2011,2103,T
1851,6,1,HC,4,5-1,5213,5287,PTPT
1852,11,1,CON,4,4,927,1019,TPTPTPTPTPT
1853,11,1,CON,4,4,1484,1633,TPTPTPT
1854,11,1,CON,4,4,1646,1681,T
1855,11,1,CON,4,4,2153,2188,TPT
1856,11,1,CON,4,4,2688,2707,T
1857,6,6,HC,4,5-2,6117,6239,TPTPTPT
1858,6,6,HC,4,5-2,6305,6337,T
1859,6,6,HC,4,5-2,6796,6844,TPTPT
1860,6,6,HC,4,5-2,7322,7399,TPT
1861,6,6,HC,4,5-2,7493,7554,TPTPTPT
1862,6,6,HC,4,5-2,7567,7711,TPTPTPT
1863,6,6,HC,4,5-2,7729,7747,T
1864,6,2,OR,2,5-1,2558,2731,TPTPTPTPTPT
1865,6,2,OR,2,5-1,3840,3979,TPTPT
1866,6,2,OR,2,5-1,4580,4652,T
1867,5,7,HC,1,3,1200,1448,TPTPTPT
1868,5,7,HC,1,3,2431,2643,TPTPTPTPT
1869,3,16,OR,1,5-0,1165,1187,T
1870,3,16,OR,1,5-0,1560,1621,TPT
1871,3,16,OR,1,5-0,2243,2327,TPTPT
1872,3,16,OR,1,5-0,2401,2471,T
1873,4,8,HC,1,4,1391,1543,TPTPTPTPT
1874,4,8,HC,1,4,2166,2223,PTPTPT
1875,4,4,OR-N,4,5-0,1111,1224,TPT
1876,4,4,OR-N,4,5-0,2344,2484,TPTPTPTPT
1877,2,3,CON,2,2,1769,1798,T
1878,2,3,CON,2,2,1862,1917,TPTPT
1879,2,3,CON,2,2,2271,2281,T
1880,2,3,CON,2,2,2400,2410,T
1881,2,3,CON,2,2,2555,2566,T
1882,2,3,CON,2,2,2608,2617,TPT
1883,2,3,CON,2,2,2640,2703,TPTPTPT
1884,2,3,CON,2,2,2720,2754,TPTPT
1885,1,1,OD,4,4,870,1056,TPTPTPT
1886,1,1,OD,4,4,2054,2265,TPTPTPT
1887,3,8,HC,0,3,1313,1330,TPT
1888,3,8,HC,0,3,1530,1616,TPT
1889,3,8,HC,0,3,1708,1768,TPT
1890,9,2,CON,4,5-2,6691,6722,T
1891,9,2,CON,4,5-2,7466,7492,T
1892,9,2,CON,4,5-2,7977,8009,T
1893,2,1,OD,2,5-1,5312,5374,TPT
1894,6,4,CON,4,1,2403,2538,TPTPTPT
1895,11,4,OR,4,5-0,689,759,TPT
1896,11,4,OR,4,5-0,1067,1177,TPTPT
1897,11,4,OR,4,5-0,1231,1264,T
1898,11,4,OR,4,5-0,1763,1980,TPTPTPTPTPTPTPT
1899,4,4,HC,3,2,667,703,T
1900,4,4,HC,3,2,942,953,TPT
1901,4,4,HC,3,2,1034,1188,TPTPT
1902,4,4,HC,3,2,1198,1241,TPTPT
1903,4,4,HC,3,2,1250,1303,T
1904,4,4,HC,3,2,1313,1321,T
1905,4,4,HC,3,2,1571,1610,T
1906,4,4,HC,3,2,1618,1627,T
1907,4,4,HC,3,2,2362,2526,TPTPTPTPTPTPT
1908,6,10,OD,4,5-1,3343,3353,T
1909,6,10,OD,4,5-1,4193,4359,TPTPTPT
1910,6,10,OD,4,5-1,5260,5298,T
1911,11,2,OD,4,5-1,2690,2724,T
1912,11,2,OD,4,5-1,3011,3043,T
1913,11,2,OD,4,5-1,3289,3428,TPTPTPTPT
1914,11,2,OD,4,5-1,3550,3604,T
1915,11,2,OD,4,5-1,3894,3943,T
1916,11,2,OD,4,5-1,4221,4258,T
1917,11,2,OD,4,5-1,4290,4402,TPT
1918,11,2,OD,4,5-1,4425,4464,T
1919,11,2,OD,4,5-1,4789,4904,T
1920,11,2,OD,4,5-1,4930,4968,T
1921,1,3,HC,4,5-2,5710,5834,TPTPTPT
1922,1,3,HC,4,5-2,6597,6721,TPTPTPTPTPT
1923,1,3,HC,4,5-2,7063,7146,TPTPT
1924,7,5,OD,3,5-3,8960,8966,T
1925,7,5,OD,3,5-3,9223,9295,TPTPT
1926,7,5,OD,3,5-3,10310,10446,TPTPT
1927,6,4,CON,4,2,1132,1237,TPTPT
1928,6,4,CON,4,2,1769,1868,TPTPT
1929,3,2,HC,0,5-0,1464,1619,TPTPTPTPTPT
1930,1,1,OD,4,1,1553,1667,TPTPTPTPT
1931,1,1,OD,4,1,2033,2101,TPTPT
1932,3,3,OR,3,5-0,2619,2623,T
1933,9,3,OR,2,3,723,736,T
1934,9,3,OR,2,3,944,1006,TPTPT
1935,9,3,OR,2,3,1037,1160,TPTPTPT
1936,9,3,OR,2,3,1756,1829,TPTPT
1937,9,3,OR,2,3,1861,2021,TPT
1938,6,6,HC,4,2,343,374,T
1939,6,6,HC,4,2,431,550,TPTPTPTPTPT
1940,6,6,HC,4,2,581,625,TPT
1941,6,6,HC,4,2,1284,1300,T
1942,6,6,HC,4,2,1365,1535,TPTPTPTPT
1943,6,6,HC,4,2,1555,1650,TPTPT
1944,6,6,HC,4,2,1675,1762,TPT
1945,6,6,HC,4,2,1764,1776,T
1946,6,6,HC,4,2,2482,2509,T
1947,13,2,HC,4,4,2404,2511,TPTPT
1948,13,2,HC,4,4,2520,2561,T
1949,13,2,HC,4,5-0,2353,2442,TPTPT
1950,5,16,OR,1,5-2,7138,7256,TPT
1951,5,5,OD,1,5-3,8406,8436,TPT
1952,5,5,OD,1,5-3,8504,8514,T
1953,5,8,HC,0,3,1331,1485,TPTPTPT
1954,5,8,HC,0,3,2428,2475,TPT
1955,11,2,OD,4,5-2,7728,7824,TPTPTPTPT
1956,11,2,OD,4,5-2,7848,7855,T
1957,11,2,OD,4,5-2,8082,8099,T
1958,8,4,CON,3,1,2564,2586,T
1959,6,6,HC,4,3,695,715,T
1960,6,6,HC,4,3,994,1054,TPTPT
1961,6,6,HC,4,3,1090,1151,TPT
1962,6,6,HC,4,3,1163,1247,TPTPT
1963,6,6,HC,4,3,1274,1388,TPTPT
1964,6,6,HC,4,3,1952,1965,T
1965,6,6,HC,4,3,2121,2170,TPT
1966,6,6,HC,4,3,2204,2222,T
1967,6,6,HC,4,3,2325,2366,PT
1968,6,2,OD,4,4,816,844,T
1969,6,2,OD,4,4,1194,1217,T
1970,6,2,OD,4,4,1257,1360,TPTPTPT
1971,6,2,OD,4,4,1410,1437,TPT
1972,6,2,OD,4,4,2093,2206,TPTPTPT
1973,6,2,OD,4,4,2246,2377,TPTPT
1974,5,4,HC,0,5-0,1419,1484,TPTPTPTPTPT
1975,5,4,HC,0,5-0,1506,1592,TPT
1976,5,4,HC,0,5-0,1634,1664,T
1977,5,4,HC,0,5-0,2307,2331,T
1978,5,4,HC,0,5-0,2414,2628,TPTPTPT
1979,3,3,OR,3,3,1660,1753,TPT
1980,2,3,CON,2,1,1163,1185,T
1981,2,3,CON,2,1,1934,1955,TPT
1982,2,3,CON,2,1,2313,2327,T
1983,2,3,CON,2,1,2449,2540,TPT
1984,4,7,HC,1,4,2267,2391,TPTPT
1985,4,4,OD,1,5-1,2795,2817,T
1986,4,4,OD,1,5-1,2889,3051,TPTPTPT
1987,4,4,OD,1,5-1,3671,3797,TPTPTPT
1988,4,4,OD,1,5-1,4411,4517,TPTPTPTPT
1989,4,4,OD,1,5-1,4544,4666,TPTPT
1990,3,3,HC,4,5-3,9383,9440,T
1991,3,3,HC,4,5-3,9906,9990,TPTPTPT
1992,3,4,OD,4,3,794,867,TPT
1993,3,4,OD,4,3,1263,1465,TPTPTPTPT
1994,3,4,OD,4,3,2251,2388,TPTPTPTPT
1995,11,4,OR,4,5-2,5472,5501,T
1996,11,4,OR,4,5-2,6573,6595,T
1997,11,4,OR,4,5-2,6904,6980,TPTPT
1998,11,4,OR,4,5-2,7335,7428,TPTPT
1999,11,4,OR,4,5-2,7713,7835,TPTPTPT
2000,1,2,OR,4,5-3,8578,9767,TPTPTPTPT
2001,3,17,HC,0,3,1984,2101,TPTP
2002,3,2,CON,4,5-1,2752,2878,TPTPT
2003,3,2,CON,4,5-1,4100,4286,TPTPTPTPT
2004,3,1,OR,1,4,1371,1449,PT
2005,4,9,HC,0,5-0,751,831,TPTPT
2006,4,9,HC,0,5-0,2513,2632,TPT
2007,3,14,HC,3,5-1,4387,4459,TPTPT
2008,3,6,OD,1,5-1,2885,2969,TPTPTPT
2009,3,6,OD,1,5-1,3404,3422,TPT
2010,3,6,OD,1,5-1,3601,3608,T
2011,3,6,OD,1,5-1,3710,3843,TPTPT
2012,3,6,OD,1,5-1,4278,4302,T
2013,3,6,OD,1,5-1,4606,4618,TPT
2014,3,6,OD,1,5-1,5012,5020,T
2015,3,6,OD,1,5-1,5121,5219,T
2016,6,4,OD,2,5-0,1508,1515,T
2017,6,4,OD,2,5-0,1607,1638,TPT
2018,6,4,OD,2,5-0,1681,1688,T
2019,6,4,OD,2,5-0,2011,2086,TPT
2020,6,4,OD,2,5-0,2449,2527,TPTPT
2021,6,4,OD,2,5-0,2558,2617,T
2022,3,9,HC,1,5-1,3191,3209,PTPT
2023,3,9,HC,1,5-1,3661,3719,TPT
2024,3,9,HC,1,5-1,4277,4307,T
2025,3,9,HC,1,5-1,4450,4481,T
2026,3,9,HC,1,5-1,4655,4665,T
2027,3,9,HC,1,5-1,5024,5038,TPTPTPT
2028,3,9,HC,1,5-1,5157,5172,T
2029,3,7,HC,1,5-2,7349,7397,PTPT
2030,3,7,HC,1,5-2,7778,7816,PT
2031,5,5,OD,1,5-2,5435,5473,TPT
2032,5,5,OD,1,5-2,5913,5944,TPT
2033,5,5,OD,1,5-2,5949,5983,T
2034,5,5,OD,1,5-2,6019,6034,T
2035,5,5,OD,1,5-2,6325,6360,TPTPT
2036,4,2,HC,0,5-1,4679,4740,T
2037,4,6,OR,3,2,788,800,T
2038,4,6,OR,3,2,882,1031,TPTPT
2039,4,6,OR,3,2,1285,1306,T
2040,4,6,OR,3,2,1510,1524,T
2041,4,6,OR,3,2,1634,1657,T
2042,4,6,OR,3,2,1745,1757,T
2043,4,6,OR,3,2,1869,1894,T
2044,4,6,OR,3,2,1923,2025,TPTPTPTPTPT
2045,4,6,OR,3,2,2057,2069,T
2046,4,6,OR,3,2,2108,2146,T
2047,4,6,OR,3,2,2535,2560,TPTPT
2048,4,17,HC,0,5-2,5916,5938,T
2049,4,17,HC,0,5-2,6021,6081,TPT
2050,4,17,HC,0,5-2,6446,6618,TPTPTPTPTPT
2051,13,11,OR-N,4,5-0,2048,2204,TPTPTPT
2052,5,6,HC,1,5-0,2567,2660,TPTPT
2053,4,5,OD,3,5-1,2668,2727,TPT
2054,4,5,OD,3,5-1,2746,2762,T
2055,4,5,OD,3,5-1,2765,2857,TPTPTPTPTPT
2056,4,5,OD,3,5-1,3369,3408,TPT
2057,4,5,OD,3,5-1,3549,3564,T
2058,4,5,OD,3,5-1,3615,3631,T
2059,4,5,OD,3,5-1,3732,3777,T
2060,13,1,CON,4,5-0,2143,2243,TPTPT
2061,9,10,OR,4,5-1,3018,3050,T
2062,9,10,OR,4,5-1,3596,3668,T
2063,9,10,OR,4,5-1,4898,4964,TPTPTPTPTPT
2064,4,6,OD,0,5-2,7453,7524,PTPT
2065,7,2,OR,3,4,1517,1536,T
2066,7,2,OR,3,4,1988,2156,TPTPTPTPT
2067,3,6,OD,1,4,939,1026,TPTPT
2068,3,6,OD,1,4,1482,1542,TPT
2069,3,6,OD,1,4,2314,2330,T
2070,3,6,OD,1,4,2373,2414,TPT
2071,6,5,OR,4,5-3,7963,8313,TPTPTPTPTPTPTPTPT
2072,6,5,OR,4,5-3,9523,9563,T
2073,6,5,OR,4,5-3,9628,9746,TPTPT
2074,6,5,OR,4,5-3,9777,9836,T
2075,6,5,OR,4,5-3,10331,10358,T
2076,6,5,OR,4,5-3,10502,10656,TPTPTPTPT
2077,9,1,HC,2,5-2,5507,5529,T
2078,9,1,HC,2,5-2,6071,6098,T
2079,9,1,HC,2,5-2,6353,6456,TPTPTPT
2080,9,1,HC,2,5-2,6753,6780,T
2081,1,4,HC,2,2,1823,1828,T
2082,1,4,HC,2,2,2183,2305,TPTPTPTPT
2083,9,4,OD,4,5-3,8589,8620,TPT
2084,9,4,OD,4,5-3,8642,8710,TPTPTPT
2085,9,4,OD,4,5-3,8758,8778,T
2086,9,4,OD,4,5-3,8852,8895,T
2087,9,4,OD,4,5-3,9364,9384,T
2088,9,4,OD,4,5-3,9506,9526,T
2089,9,4,OD,4,5-3,9643,9691,TPT
2090,9,4,OD,4,5-3,9717,9738,T
2091,9,4,OD,4,5-3,10223,10276,TPT
2092,9,4,OD,4,5-3,10313,10434,TPTPT
2093,1,1,CON,2,5-2,5707,5729,TPT
2094,1,1,CON,2,5-2,5836,5847,TPT
2095,1,1,CON,2,5-2,6251,6336,TPT
2096,3,3,HC,4,5-0,1735,1788,TPT
2097,3,3,HC,4,5-0,1852,1920,TPT
2098,3,2,HC,0,5-1,2887,3030,TPT
2099,3,2,HC,0,5-1,3713,3742,T
2100,3,2,HC,0,5-1,4165,4262,TPTPT
2101,4,6,OD,4,5-3,8345,8361,T
2102,4,6,OD,4,5-3,8871,8887,TPT
2103,4,6,OD,4,5-3,9175,9229,T
2104,4,6,OD,4,5-3,9337,9370,T
2105,4,6,OD,4,5-3,9581,9679,TPTPT
2106,4,6,OD,4,5-3,9906,10042,TPT
2107,6,10,OD,4,5-0,936,959,T
2108,6,10,OD,4,5-0,1559,1582,TPT
2109,6,10,OD,4,5-0,2211,2384,TPTPTPTPT
2110,6,10,OD,4,5-0,2449,2510,T
2111,8,1,HC,3,5-2,5313,5471,TPT
2112,8,1,HC,3,5-2,5970,6053,TPTPT
2113,8,1,HC,3,5-2,6640,6700,T
2114,8,1,HC,3,5-2,7007,7154,TPTPTPTPTPTPTPTPT
2115,8,1,HC,3,5-2,7226,7249,T
2116,5,4,HC,0,1,1480,1526,T
2117,5,4,HC,0,1,2081,2278,TPTPT
2118,4,4,OR-N,4,5-3,8207,8299,TPT
2119,4,4,OR-N,4,5-3,9225,9279,TPTPTPTPT
2120,4,4,OR-N,4,5-3,9316,9349,T
2121,1,1,OD,4,5-2,5886,6053,TPTPTPTPT
2122,1,1,OD,4,5-2,7379,7428,T
2123,1,1,OD,4,5-2,7850,7866,T
2124,1,1,OD,4,5-2,8002,8034,TPT
2125,5,3,OD,0,5-0,1866,1943,TPTPT
2126,6,4,CON,4,3,2305,2443,TPTPT
